total_skills_found,matched_skills_count,missing_skills_count,skill_match_percentage,project_count,experience_score,education_score,keyword_match_score,formatting_score,final_score,category
4,4,4,100.0,3,10.0,4,5,2,79,Good
19,1,12,5.3,4,11.0,4,5,4,46,Average
17,7,0,41.2,3,4.0,7,0,0,45,Average
12,5,6,41.7,3,5.0,9,1,5,55,Average
11,9,12,81.8,2,15.0,4,6,3,73,Good
21,2,14,9.5,1,13.0,9,6,3,41,Average
3,1,3,33.3,1,6.0,9,6,1,41,Average
18,2,9,11.1,4,3.0,3,1,3,34,Weak
6,5,2,83.3,0,4.0,10,5,0,52,Average
4,3,1,75.0,0,8.0,3,0,5,46,Average
14,7,5,50.0,2,9.0,9,1,4,55,Average
24,9,13,37.5,4,2.0,7,5,2,51,Average
18,2,10,11.1,3,1.0,9,6,5,43,Average
19,18,7,94.7,3,7.0,9,7,4,83,Good
18,12,4,66.7,3,12.0,9,10,0,76,Good
20,6,2,30.0,0,2.0,9,9,0,32,Weak
13,5,4,38.5,1,6.0,10,4,1,42,Average
4,3,2,75.0,0,2.0,9,8,0,49,Average
21,15,2,71.4,4,3.0,10,1,3,66,Average
12,5,10,41.7,4,9.0,7,9,3,65,Average
13,4,1,30.8,1,4.0,4,4,3,33,Weak
10,7,0,70.0,1,4.0,4,8,0,50,Average
6,4,8,66.7,1,15.0,9,10,5,72,Good
23,14,4,60.9,5,2.0,7,7,5,65,Average
19,1,6,5.3,2,3.0,3,10,3,33,Weak
16,8,2,50.0,4,14.0,4,0,0,58,Average
11,7,3,63.6,2,8.0,10,1,2,58,Average
20,19,6,95.0,4,0.0,9,6,4,77,Good
14,7,10,50.0,3,6.0,9,5,4,62,Average
12,4,6,33.3,1,9.0,3,1,1,33,Weak
12,7,8,58.3,5,4.0,3,7,4,61,Average
7,1,7,14.3,4,8.0,4,0,5,43,Average
4,0,4,0.0,4,10.0,10,10,3,53,Average
14,10,4,71.4,5,4.0,7,1,2,63,Average
22,22,6,100.0,1,12.0,9,4,3,74,Good
3,3,0,100.0,0,7.0,7,9,0,63,Average
21,12,10,57.1,3,15.0,7,5,3,71,Good
21,0,9,0.0,1,1.0,9,8,0,24,Weak
8,8,4,100.0,2,5.0,10,7,0,74,Good
16,7,5,43.8,1,11.0,7,10,3,55,Average
5,1,4,20.0,2,14.0,7,5,3,49,Average
19,17,9,89.5,2,3.0,10,10,5,76,Good
18,14,11,77.8,2,15.0,4,5,3,70,Average
10,8,1,80.0,4,3.0,10,9,5,79,Good
3,1,6,33.3,3,6.0,7,8,4,56,Average
24,24,0,100.0,2,5.0,10,1,2,70,Average
12,5,6,41.7,0,6.0,7,7,5,42,Average
22,12,3,54.5,3,14.0,9,9,2,74,Good
17,13,5,76.5,1,11.0,4,1,3,56,Average
19,13,6,68.4,1,12.0,9,9,0,63,Average
19,3,4,15.8,2,4.0,4,1,1,28,Weak
6,2,5,33.3,0,15.0,9,9,3,49,Average
10,3,11,30.0,2,6.0,9,8,1,48,Average
12,12,12,100.0,1,10.0,7,1,3,67,Average
13,10,0,76.9,5,11.0,7,7,0,76,Good
3,1,5,33.3,5,10.0,4,1,1,49,Average
14,11,12,78.6,0,9.0,9,6,3,58,Average
5,4,7,80.0,3,7.0,7,10,3,77,Good
19,7,3,36.8,3,10.0,7,2,5,57,Average
17,7,8,41.2,2,14.0,3,1,5,51,Average
23,21,2,91.3,2,6.0,3,4,4,66,Average
19,11,0,57.9,4,8.0,3,4,0,58,Average
10,1,9,10.0,2,2.0,10,0,3,31,Weak
24,17,7,70.8,0,5.0,10,5,1,49,Average
11,7,11,63.6,2,12.0,3,2,1,55,Average
9,5,5,55.6,1,10.0,3,1,1,43,Average
22,16,12,72.7,2,3.0,9,3,2,58,Average
10,9,6,90.0,1,8.0,7,0,0,57,Average
3,1,11,33.3,0,12.0,4,10,3,42,Average
12,5,1,41.7,5,1.0,9,10,0,57,Average
20,3,1,15.0,0,0.0,4,4,3,17,Weak
6,4,11,66.7,4,6.0,3,9,3,68,Average
12,5,12,41.7,4,10.0,4,5,1,57,Average
4,1,14,25.0,3,5.0,10,10,0,53,Average
17,12,4,70.6,5,13.0,9,1,4,75,Good
12,5,0,41.7,0,13.0,3,3,4,40,Weak
9,4,14,44.4,1,8.0,7,8,1,48,Average
7,3,9,42.9,1,6.0,10,2,5,46,Average
14,3,3,21.4,3,0.0,10,9,1,47,Average
17,2,11,11.8,3,13.0,9,4,5,54,Average
23,19,13,82.6,5,14.0,3,4,0,74,Good
12,1,4,8.3,2,7.0,4,4,3,33,Weak
5,1,11,20.0,1,8.0,4,8,0,34,Weak
21,14,11,66.7,5,12.0,3,0,1,63,Average
16,2,7,12.5,4,11.0,3,8,2,49,Average
18,12,9,66.7,4,2.0,4,8,0,61,Average
4,3,4,75.0,2,10.0,7,9,2,70,Average
9,6,13,66.7,2,14.0,4,10,1,68,Average
19,6,14,31.6,2,12.0,7,8,0,52,Average
21,0,14,0.0,4,7.0,4,5,5,41,Average
12,11,11,91.7,1,8.0,3,5,5,64,Average
20,6,0,30.0,5,4.0,10,4,5,55,Average
21,17,5,81.0,1,10.0,7,9,0,64,Average
10,2,6,20.0,2,3.0,4,4,2,33,Weak
22,3,14,13.6,1,5.0,10,6,1,33,Weak
8,7,8,87.5,3,4.0,10,1,1,69,Average
7,7,8,100.0,4,5.0,10,3,2,80,Good
17,15,2,88.2,5,5.0,3,2,3,68,Average
16,12,11,75.0,4,1.0,9,4,2,66,Average
5,1,5,20.0,1,11.0,10,5,1,41,Average
21,20,1,95.2,1,7.0,10,7,5,73,Good
6,4,14,66.7,5,15.0,4,4,5,75,Good
20,3,2,15.0,2,2.0,10,1,1,32,Weak
2,0,0,0.0,0,10.0,7,5,1,23,Weak
20,18,1,90.0,4,2.0,7,0,3,68,Average
20,5,6,25.0,3,8.0,7,9,2,54,Average
19,15,1,78.9,0,7.0,9,8,5,61,Average
17,2,12,11.8,4,7.0,3,2,2,39,Weak
12,3,7,25.0,3,10.0,7,2,0,47,Average
18,5,4,27.8,3,13.0,10,0,0,52,Average
8,2,0,25.0,5,5.0,7,4,0,46,Average
19,13,7,68.4,2,13.0,4,0,2,58,Average
14,13,2,92.9,2,2.0,3,10,1,65,Average
12,11,14,91.7,3,4.0,7,1,5,72,Good
13,10,4,76.9,1,4.0,9,7,5,62,Average
15,3,7,20.0,0,15.0,7,6,0,36,Weak
2,2,0,100.0,5,1.0,10,2,5,78,Good
5,3,1,60.0,1,6.0,9,8,3,56,Average
7,4,3,57.1,3,6.0,7,1,1,56,Average
4,3,0,75.0,1,12.0,3,9,2,62,Average
12,9,10,75.0,1,7.0,7,8,2,60,Average
17,17,14,100.0,3,15.0,3,6,1,83,Good
17,10,14,58.8,4,11.0,9,9,5,78,Good
12,7,3,58.3,2,11.0,3,4,0,53,Average
21,16,11,76.2,0,12.0,10,3,0,55,Average
15,4,7,26.7,1,2.0,4,1,1,25,Weak
3,1,0,33.3,0,7.0,7,10,0,37,Weak
19,12,1,63.2,5,9.0,3,4,0,61,Average
15,1,8,6.7,1,3.0,4,9,2,27,Weak
16,5,6,31.2,2,1.0,10,3,2,40,Weak
15,11,0,73.3,0,2.0,4,10,0,45,Average
14,14,13,100.0,2,12.0,7,9,4,84,Good
4,2,10,50.0,5,10.0,10,3,5,68,Average
14,5,7,35.7,2,4.0,9,5,4,48,Average
20,9,14,45.0,3,11.0,3,8,3,61,Average
8,6,14,75.0,1,11.0,4,2,5,58,Average
15,8,14,53.3,0,13.0,4,0,2,40,Weak
2,0,3,0.0,4,14.0,4,3,2,43,Average
9,5,13,55.6,0,14.0,4,6,0,46,Average
12,5,7,41.7,2,2.0,7,1,4,43,Average
24,17,10,70.8,1,12.0,4,3,0,53,Average
6,6,12,100.0,0,6.0,4,10,3,63,Average
8,8,2,100.0,3,6.0,7,0,4,75,Good
11,7,6,63.6,5,10.0,4,0,1,60,Average
24,9,1,37.5,0,9.0,4,4,3,35,Weak
21,9,4,42.9,4,6.0,7,0,1,51,Average
2,0,6,0.0,3,15.0,10,0,2,45,Average
7,7,12,100.0,4,2.0,7,2,3,74,Good
20,17,12,85.0,0,1.0,7,1,1,44,Average
3,3,5,100.0,5,0.0,10,8,4,82,Good
21,7,4,33.3,0,13.0,9,1,2,38,Weak
8,2,7,25.0,5,6.0,4,5,2,47,Average
23,20,13,87.0,3,6.0,4,7,4,74,Good
8,4,14,50.0,2,10.0,7,6,1,56,Average
11,8,3,72.7,0,6.0,7,7,2,51,Average
17,8,2,47.1,3,9.0,3,3,5,57,Average
4,2,10,50.0,0,0.0,3,9,2,34,Weak
14,9,4,64.3,3,2.0,4,0,0,50,Average
13,11,2,84.6,4,14.0,10,1,1,80,Good
20,7,0,35.0,1,7.0,9,9,5,50,Average
24,20,6,83.3,1,2.0,10,0,4,55,Average
17,4,5,23.5,1,5.0,3,2,4,29,Weak
11,4,8,36.4,1,5.0,7,1,1,35,Weak
11,10,3,90.9,0,4.0,7,0,5,52,Average
11,11,10,100.0,1,4.0,7,1,2,60,Average
20,19,10,95.0,3,11.0,7,6,4,84,Good
9,3,6,33.3,1,1.0,4,7,5,36,Weak
5,5,2,100.0,4,4.0,3,0,1,68,Average
9,9,7,100.0,4,7.0,10,10,5,92,Excellent
2,2,10,100.0,4,8.0,10,1,3,82,Good
4,0,5,0.0,3,14.0,3,7,4,46,Average
4,3,3,75.0,1,14.0,7,8,4,69,Average
19,19,7,100.0,5,4.0,7,5,1,77,Good
18,14,5,77.8,1,8.0,9,5,4,63,Average
18,4,6,22.2,2,0.0,10,1,1,33,Weak
12,9,5,75.0,2,9.0,7,2,1,61,Average
18,1,4,5.6,4,2.0,9,9,0,42,Average
5,2,10,40.0,3,1.0,10,3,1,49,Average
22,14,6,63.6,4,10.0,10,0,5,70,Average
13,6,6,46.2,5,2.0,4,8,1,53,Average
23,16,9,69.6,2,7.0,10,7,2,66,Average
5,1,5,20.0,5,1.0,7,0,2,38,Weak
13,8,1,61.5,1,11.0,3,0,4,49,Average
18,12,12,66.7,5,12.0,9,1,3,72,Good
13,8,0,61.5,1,9.0,10,0,3,53,Average
12,3,8,25.0,5,13.0,4,6,5,58,Average
5,1,3,20.0,2,6.0,7,1,2,36,Weak
10,2,3,20.0,5,2.0,4,6,4,44,Average
7,3,0,42.9,0,2.0,3,1,5,28,Weak
8,5,13,62.5,2,3.0,10,10,4,64,Average
17,6,6,35.3,5,3.0,3,7,0,47,Average
16,6,5,37.5,0,5.0,7,4,1,32,Weak
15,4,11,26.7,1,3.0,3,4,3,30,Weak
10,2,0,20.0,0,9.0,9,0,2,28,Weak
24,16,8,66.7,1,2.0,10,0,1,46,Average
4,4,7,100.0,2,9.0,9,5,2,77,Good
9,2,8,22.2,3,5.0,9,0,0,41,Average
4,4,1,100.0,1,10.0,10,7,1,74,Good
9,5,14,55.6,0,8.0,10,4,4,48,Average
24,4,3,16.7,1,14.0,10,1,0,38,Weak
10,4,10,40.0,5,7.0,4,5,5,57,Average
22,0,11,0.0,5,4.0,7,6,2,39,Weak
13,0,5,0.0,1,9.0,10,8,4,37,Weak
18,6,1,33.3,1,10.0,4,2,1,36,Weak
12,5,4,41.7,0,7.0,9,6,4,43,Average
8,7,12,87.5,5,8.0,3,9,3,78,Good
19,2,13,10.5,4,7.0,10,2,5,48,Average
24,20,14,83.3,4,4.0,9,9,0,75,Good
8,2,3,25.0,1,5.0,9,7,4,41,Average
19,2,9,10.5,3,14.0,10,4,1,51,Average
8,6,2,75.0,0,10.0,4,9,2,55,Average
18,14,10,77.8,4,1.0,7,10,0,69,Average
20,12,6,60.0,3,15.0,10,2,5,74,Good
12,1,10,8.3,1,11.0,3,10,3,36,Weak
18,2,10,11.1,4,0.0,10,0,5,39,Weak
8,3,14,37.5,3,11.0,4,1,3,52,Average
3,1,7,33.3,2,9.0,7,0,0,41,Average
4,4,5,100.0,1,14.0,7,4,2,73,Good
12,3,7,25.0,0,7.0,9,10,2,38,Weak
22,4,2,18.2,5,8.0,10,6,0,51,Average
4,4,1,100.0,1,5.0,4,6,5,66,Average
12,2,7,16.7,1,5.0,3,0,5,26,Weak
18,0,12,0.0,4,9.0,7,5,3,44,Average
6,2,7,33.3,1,13.0,9,4,3,48,Average
18,7,11,38.9,2,14.0,9,5,4,60,Average
9,6,2,66.7,4,12.0,9,2,4,74,Good
20,18,6,90.0,3,9.0,4,2,0,69,Average
15,14,9,93.3,3,8.0,10,10,3,86,Excellent
14,4,5,28.6,0,5.0,3,6,4,29,Weak
6,6,0,100.0,2,12.0,3,4,4,75,Good
12,8,1,66.7,2,5.0,3,0,3,50,Average
21,1,13,4.8,3,4.0,10,8,5,47,Average
2,2,9,100.0,0,13.0,3,5,3,64,Average
19,2,3,10.5,0,9.0,9,4,2,28,Weak
13,8,3,61.5,4,5.0,10,7,2,69,Average
18,15,0,83.3,4,13.0,9,1,4,80,Good
17,4,14,23.5,4,15.0,10,5,5,64,Average
11,3,1,27.3,1,5.0,3,9,1,35,Weak
9,4,11,44.4,5,8.0,7,5,1,59,Average
16,15,3,93.8,1,7.0,7,0,3,61,Average
5,1,5,20.0,3,11.0,9,2,4,52,Average
15,10,4,66.7,0,15.0,9,0,2,53,Average
4,2,12,50.0,5,8.0,7,5,3,63,Average
16,1,0,6.2,1,12.0,4,4,0,28,Weak
16,12,5,75.0,4,9.0,3,1,1,64,Average
3,3,4,100.0,1,14.0,7,7,5,79,Good
19,11,4,57.9,4,6.0,4,1,3,57,Average
11,2,2,18.2,2,6.0,7,3,5,40,Weak
20,3,13,15.0,0,6.0,9,10,1,32,Weak
2,1,5,50.0,1,15.0,7,0,1,49,Average
6,3,6,50.0,4,9.0,7,2,5,63,Average
13,7,5,53.8,1,2.0,3,3,5,41,Average
6,1,14,16.7,1,0.0,9,5,5,32,Weak
9,5,5,55.6,3,8.0,7,2,1,58,Average
17,5,5,29.4,1,12.0,3,10,4,47,Average
5,4,4,80.0,0,7.0,4,0,2,45,Average
17,14,4,82.4,3,8.0,9,10,5,83,Good
4,3,1,75.0,4,12.0,10,5,5,82,Good
6,0,9,0.0,4,8.0,7,0,2,37,Weak
15,15,0,100.0,5,14.0,10,1,1,86,Excellent
20,0,3,0.0,0,10.0,3,1,5,19,Weak
5,5,3,100.0,2,11.0,4,3,2,72,Good
8,0,4,0.0,1,12.0,10,3,2,33,Weak
23,12,11,52.2,5,10.0,3,7,3,64,Average
24,2,8,8.3,3,0.0,9,3,5,38,Weak
15,1,14,6.7,0,6.0,4,7,0,20,Weak
12,8,5,66.7,4,2.0,4,3,5,61,Average
9,7,13,77.8,0,8.0,7,2,2,50,Average
16,2,0,12.5,1,2.0,4,3,0,20,Weak
15,15,7,100.0,4,8.0,10,3,1,82,Good
8,2,11,25.0,3,5.0,10,9,2,54,Average
2,0,7,0.0,4,0.0,7,2,4,33,Weak
5,1,13,20.0,3,1.0,7,3,3,40,Weak
24,11,4,45.8,5,8.0,3,10,0,59,Average
11,2,0,18.2,3,1.0,4,7,2,39,Weak
13,5,11,38.5,0,13.0,3,2,1,34,Weak
12,2,1,16.7,0,12.0,10,9,1,39,Weak
20,1,11,5.0,4,11.0,4,2,4,43,Average
3,1,11,33.3,0,2.0,4,1,4,24,Weak
3,2,12,66.7,2,12.0,10,4,0,65,Average
8,6,7,75.0,0,10.0,9,7,3,59,Average
13,4,13,30.8,1,6.0,9,2,2,37,Weak
17,5,2,29.4,3,0.0,3,8,2,43,Average
13,11,6,84.6,1,8.0,7,1,4,60,Average
12,8,1,66.7,2,12.0,7,8,1,67,Average
23,19,11,82.6,5,0.0,4,1,4,62,Average
5,5,10,100.0,0,0.0,9,5,2,56,Average
15,13,12,86.7,0,6.0,10,7,0,58,Average
14,14,11,100.0,1,8.0,4,2,4,64,Average
12,5,4,41.7,4,7.0,4,6,5,59,Average
20,8,1,40.0,2,6.0,4,7,3,48,Average
8,2,13,25.0,3,4.0,10,7,4,53,Average
23,5,7,21.7,0,0.0,3,4,0,16,Weak
9,7,1,77.8,4,0.0,10,8,2,71,Good
14,10,13,71.4,0,1.0,9,8,2,49,Average
13,11,14,84.6,4,11.0,7,3,4,79,Good
21,3,6,14.3,0,12.0,7,8,2,35,Weak
12,6,11,50.0,5,6.0,10,10,4,70,Average
8,1,0,12.5,1,1.0,9,8,1,30,Weak
2,2,1,100.0,1,6.0,4,8,3,67,Average
10,2,4,20.0,2,15.0,3,8,1,47,Average
21,3,9,14.3,0,3.0,9,8,3,29,Weak
2,1,2,50.0,0,7.0,3,3,0,33,Weak
22,20,0,90.9,3,8.0,3,7,4,76,Good
14,13,10,92.9,1,5.0,10,2,0,60,Average
5,0,11,0.0,2,7.0,7,3,5,34,Weak
8,2,11,25.0,4,7.0,9,10,5,61,Average
14,2,11,14.3,0,7.0,4,3,3,23,Weak
9,3,12,33.3,2,11.0,3,9,5,53,Average
4,2,9,50.0,1,9.0,3,4,4,46,Average
17,5,7,29.4,2,0.0,4,2,0,30,Weak
17,1,12,5.9,1,0.0,3,1,4,16,Weak
4,2,5,50.0,0,6.0,7,6,2,41,Average
8,0,1,0.0,0,14.0,4,4,5,27,Weak
7,1,11,14.3,5,0.0,7,5,5,43,Average
17,0,4,0.0,0,1.0,7,0,5,13,Weak
18,1,14,5.6,4,10.0,4,2,2,40,Weak
18,8,6,44.4,5,7.0,7,0,1,53,Average
23,20,12,87.0,2,3.0,3,3,0,56,Average
19,15,0,78.9,1,3.0,4,10,0,55,Average
9,0,9,0.0,4,10.0,10,1,5,46,Average
4,0,6,0.0,5,8.0,10,7,3,48,Average
16,5,6,31.2,0,10.0,7,0,2,31,Weak
23,15,3,65.2,5,4.0,10,6,2,68,Average
24,18,14,75.0,5,8.0,7,10,1,76,Good
7,6,5,85.7,0,13.0,3,3,3,56,Average
7,2,12,28.6,0,5.0,10,2,2,30,Weak
2,0,6,0.0,4,6.0,7,6,4,43,Average
5,0,0,0.0,0,2.0,9,3,0,14,Weak
14,2,13,14.3,3,10.0,9,9,5,57,Average
14,0,2,0.0,0,0.0,4,9,0,13,Weak
10,9,4,90.0,4,3.0,9,7,2,77,Good
9,2,12,22.2,1,11.0,7,7,2,42,Average
21,18,13,85.7,0,0.0,4,6,4,48,Average
12,7,13,58.3,0,15.0,4,8,3,53,Average
20,11,6,55.0,1,6.0,9,5,1,49,Average
24,11,11,45.8,3,6.0,4,10,2,58,Average
9,8,4,88.9,0,8.0,3,3,3,53,Average
6,0,11,0.0,4,10.0,10,0,2,42,Average
23,2,7,8.7,3,7.0,4,7,0,39,Weak
16,7,0,43.8,1,14.0,9,7,1,55,Average
8,3,6,37.5,5,15.0,9,10,3,72,Good
16,9,7,56.2,3,3.0,10,4,1,58,Average
13,10,3,76.9,4,11.0,9,4,3,78,Good
22,13,5,59.1,1,4.0,9,6,0,49,Average
7,2,7,28.6,4,15.0,10,4,4,64,Average
24,8,0,33.3,3,4.0,10,8,1,54,Average
23,18,2,78.3,5,4.0,3,4,3,65,Average
6,1,11,16.7,2,11.0,9,8,5,52,Average
5,3,5,60.0,4,12.0,3,4,2,65,Average
14,8,9,57.1,2,2.0,10,2,0,49,Average
3,3,8,100.0,0,8.0,3,10,0,61,Average
8,6,8,75.0,0,5.0,4,5,2,46,Average
12,6,6,50.0,5,9.0,3,7,0,59,Average
24,7,7,29.2,4,8.0,9,6,5,60,Average
24,9,12,37.5,2,15.0,3,3,5,53,Average
5,2,14,40.0,4,14.0,3,10,5,68,Average
22,5,3,22.7,0,10.0,7,4,5,35,Weak
4,3,10,75.0,0,10.0,10,10,3,63,Average
19,4,14,21.1,3,14.0,7,4,1,52,Average
21,14,0,66.7,3,2.0,7,0,2,56,Average
22,17,11,77.3,5,11.0,9,0,1,72,Good
7,7,7,100.0,4,12.0,7,10,5,94,Excellent
22,2,14,9.1,1,2.0,4,5,2,23,Weak
4,3,8,75.0,4,14.0,7,4,2,77,Good
13,1,12,7.7,2,11.0,3,8,4,41,Average
12,4,2,33.3,4,5.0,4,6,2,50,Average
9,1,2,11.1,1,7.0,9,7,2,35,Weak
2,0,13,0.0,0,7.0,4,7,1,19,Weak
19,3,7,15.8,0,14.0,3,2,0,25,Weak
9,0,8,0.0,5,15.0,3,0,0,38,Weak
17,14,2,82.4,0,12.0,10,8,2,65,Average
11,0,3,0.0,5,10.0,4,0,5,39,Weak
10,4,12,40.0,4,1.0,3,7,1,48,Average
22,16,4,72.7,0,14.0,9,1,3,56,Average
4,4,8,100.0,5,2.0,7,2,1,72,Good
18,16,4,88.9,0,2.0,7,7,1,53,Average
19,2,3,10.5,0,1.0,10,6,0,21,Weak
10,10,2,100.0,3,15.0,4,8,3,88,Excellent
8,5,13,62.5,1,7.0,7,6,3,54,Average
2,0,14,0.0,1,3.0,9,0,2,20,Weak
23,10,1,43.5,1,1.0,9,9,3,45,Average
23,22,5,95.7,3,6.0,4,2,2,70,Average
7,3,8,42.9,0,11.0,9,1,1,39,Weak
2,0,5,0.0,1,15.0,9,9,4,43,Average
4,4,10,100.0,3,8.0,3,2,3,74,Good
3,3,3,100.0,2,9.0,3,5,0,69,Average
21,21,0,100.0,4,13.0,9,5,2,89,Excellent
22,21,5,95.5,1,14.0,3,8,2,71,Good
5,5,8,100.0,3,4.0,10,0,4,76,Good
19,9,2,47.4,4,15.0,3,1,1,59,Average
6,1,12,16.7,2,8.0,10,4,5,46,Average
10,6,0,60.0,1,14.0,9,5,3,61,Average
15,3,1,20.0,3,1.0,7,8,0,42,Average
18,8,7,44.4,3,1.0,4,6,2,49,Average
22,15,7,68.2,0,14.0,4,1,5,51,Average
3,3,4,100.0,3,10.0,9,10,1,88,Excellent
6,2,3,33.3,0,2.0,9,5,4,33,Weak
8,2,1,25.0,3,14.0,4,10,4,60,Average
9,7,9,77.8,5,1.0,7,10,4,73,Good
24,0,5,0.0,3,10.0,10,0,0,38,Weak
19,11,1,57.9,4,3.0,4,5,2,57,Average
9,7,5,77.8,1,1.0,9,4,2,53,Average
24,13,14,54.2,5,12.0,3,5,2,64,Average
13,5,3,38.5,4,13.0,10,3,5,66,Average
13,11,13,84.6,5,1.0,3,6,0,64,Average
11,4,3,36.4,4,1.0,4,5,3,48,Average
5,4,2,80.0,3,9.0,7,2,5,73,Good
23,11,3,47.8,3,0.0,4,3,5,49,Average
2,0,4,0.0,5,11.0,3,1,3,38,Weak
6,3,1,50.0,5,14.0,9,9,5,77,Good
7,0,8,0.0,2,12.0,3,7,2,36,Weak
8,8,5,100.0,0,3.0,10,4,3,60,Average
5,3,10,60.0,0,3.0,3,4,3,37,Weak
2,1,7,50.0,1,10.0,4,0,0,40,Weak
17,8,6,47.1,0,0.0,10,3,0,32,Weak
24,15,7,62.5,1,8.0,3,10,5,57,Average
4,1,2,25.0,0,7.0,3,0,1,21,Weak
8,2,10,25.0,5,11.0,9,1,2,53,Average
13,5,1,38.5,0,3.0,3,9,3,33,Weak
23,6,10,26.1,3,12.0,10,5,3,58,Average
17,13,14,76.5,2,11.0,7,0,3,64,Average
19,2,11,10.5,1,3.0,10,5,5,33,Weak
15,13,6,86.7,4,5.0,4,8,4,76,Good
11,4,4,36.4,5,1.0,3,3,5,47,Average
6,3,13,50.0,4,7.0,10,4,3,64,Average
21,3,3,14.3,5,4.0,9,6,5,50,Average
20,8,7,40.0,3,1.0,10,6,3,54,Average
2,2,11,100.0,4,8.0,4,9,3,84,Good
18,5,13,27.8,0,9.0,7,2,4,33,Weak
3,0,13,0.0,5,1.0,7,3,5,36,Weak
18,9,1,50.0,4,2.0,7,1,0,50,Average
20,3,13,15.0,1,1.0,4,7,5,29,Weak
5,1,1,20.0,2,10.0,4,5,4,43,Average
11,5,8,45.5,3,5.0,9,3,5,58,Average
4,2,13,50.0,0,1.0,3,7,4,35,Weak
15,10,9,66.7,4,3.0,4,4,5,63,Average
23,16,14,69.6,1,15.0,4,2,1,56,Average
3,3,5,100.0,0,4.0,3,5,1,53,Average
11,0,4,0.0,1,10.0,3,4,1,24,Weak
24,9,4,37.5,5,7.0,7,4,1,54,Average
8,0,5,0.0,1,2.0,3,4,1,16,Weak
5,0,10,0.0,3,4.0,4,10,2,38,Weak
13,2,6,15.4,4,0.0,7,2,1,36,Weak
13,8,11,61.5,0,11.0,10,3,0,49,Average
17,16,6,94.1,4,5.0,3,6,3,75,Good
9,7,4,77.8,1,7.0,7,0,4,55,Average
23,15,2,65.2,4,2.0,3,1,0,52,Average
13,10,8,76.9,1,13.0,7,6,3,66,Average
8,1,13,12.5,0,3.0,7,5,3,23,Weak
24,20,12,83.3,4,9.0,9,7,4,82,Good
23,21,3,91.3,4,13.0,7,1,0,78,Good
13,1,7,7.7,5,11.0,10,9,4,57,Average
2,1,10,50.0,4,9.0,3,5,0,57,Average
15,13,9,86.7,2,14.0,3,1,1,66,Average
14,7,1,50.0,1,2.0,3,3,1,35,Weak
5,5,8,100.0,1,15.0,4,2,5,72,Good
16,15,0,93.8,3,8.0,3,4,1,72,Good
21,10,1,47.6,2,6.0,3,5,4,49,Average
4,0,9,0.0,2,4.0,4,4,5,29,Weak
18,6,1,33.3,1,11.0,10,5,5,50,Average
5,1,5,20.0,2,15.0,10,9,1,55,Average
19,9,8,47.4,1,11.0,3,10,0,49,Average
11,7,9,63.6,0,0.0,10,5,1,41,Average
2,1,6,50.0,0,7.0,4,10,4,45,Average
24,4,1,16.7,3,11.0,7,9,1,53,Average
5,1,11,20.0,2,6.0,4,9,3,42,Average
15,10,14,66.7,0,12.0,7,2,2,50,Average
6,0,13,0.0,3,11.0,9,4,4,46,Average
23,5,11,21.7,0,1.0,9,3,3,25,Weak
18,16,6,88.9,0,8.0,7,1,3,55,Average
20,2,13,10.0,0,2.0,9,0,4,19,Weak
11,4,7,36.4,2,7.0,9,6,5,54,Average
12,2,2,16.7,5,6.0,3,4,2,42,Average
16,1,12,6.2,1,12.0,4,9,3,36,Weak
20,8,4,40.0,1,13.0,3,7,3,48,Average
21,11,14,52.4,1,7.0,9,0,4,47,Average
2,0,5,0.0,2,8.0,7,9,2,38,Weak
17,1,13,5.9,4,10.0,9,5,2,48,Average
4,0,8,0.0,1,10.0,7,6,5,34,Weak
8,5,7,62.5,3,10.0,4,10,5,72,Good
21,18,4,85.7,5,12.0,3,7,3,79,Good
7,1,12,14.3,5,15.0,10,0,0,51,Average
20,6,0,30.0,3,13.0,4,1,1,49,Average
12,4,7,33.3,4,2.0,3,4,2,44,Average
7,2,5,28.6,5,7.0,4,0,4,46,Average
9,2,8,22.2,4,7.0,10,1,4,51,Average
14,0,3,0.0,1,8.0,4,8,4,30,Weak
19,10,9,52.6,0,8.0,10,1,0,40,Weak
15,5,5,33.3,0,11.0,7,1,2,34,Weak
23,8,2,34.8,5,6.0,10,5,4,59,Average
21,5,2,23.8,3,4.0,9,1,5,47,Average
19,18,10,94.7,1,7.0,3,2,0,56,Average
15,9,3,60.0,2,13.0,7,10,5,71,Good
8,3,4,37.5,1,4.0,7,6,0,38,Weak
11,2,9,18.2,4,0.0,4,10,1,42,Average
4,4,4,100.0,3,15.0,7,3,5,88,Excellent
10,9,5,90.0,5,3.0,3,6,4,72,Good
23,0,3,0.0,1,9.0,9,2,5,31,Weak
11,11,5,100.0,2,12.0,10,4,3,81,Good
4,3,10,75.0,0,4.0,3,1,3,41,Average
16,1,8,6.2,5,5.0,7,9,3,46,Average
24,18,14,75.0,3,4.0,9,2,3,66,Average
21,2,11,9.5,3,2.0,3,2,3,32,Weak
8,0,0,0.0,2,2.0,4,5,1,24,Weak
12,1,5,8.3,1,2.0,4,4,5,24,Weak
14,6,4,42.9,5,7.0,3,3,2,52,Average
7,4,8,57.1,2,8.0,10,3,3,59,Average
8,3,3,37.5,4,0.0,7,3,4,49,Average
7,0,14,0.0,0,13.0,9,10,3,35,Weak
24,4,4,16.7,1,10.0,7,6,3,39,Weak
19,17,7,89.5,4,1.0,10,10,0,77,Good
21,21,1,100.0,0,13.0,10,10,1,74,Good
20,15,13,75.0,0,0.0,9,7,2,48,Average
24,2,13,8.3,4,8.0,4,9,2,46,Average
4,4,11,100.0,1,7.0,7,1,5,66,Average
22,15,5,68.2,1,8.0,10,10,5,66,Average
3,2,0,66.7,3,15.0,7,5,4,76,Good
12,1,10,8.3,1,14.0,7,7,2,39,Weak
15,15,6,100.0,0,4.0,3,2,0,49,Average
10,4,14,40.0,0,9.0,10,1,4,40,Weak
5,0,10,0.0,0,15.0,9,9,5,38,Weak
6,1,8,16.7,0,11.0,4,4,2,28,Weak
20,8,14,40.0,4,14.0,7,1,4,62,Average
9,0,12,0.0,1,6.0,7,7,5,31,Weak
9,3,6,33.3,0,4.0,3,0,3,23,Weak
23,11,0,47.8,0,8.0,10,4,1,42,Average
5,5,1,100.0,2,13.0,10,7,0,82,Good
23,2,6,8.7,5,14.0,10,7,4,58,Average
23,13,8,56.5,2,10.0,4,4,3,56,Average
15,14,0,93.3,0,11.0,4,4,0,56,Average
5,4,1,80.0,1,8.0,3,9,0,58,Average
5,5,10,100.0,2,5.0,9,2,5,73,Good
8,1,11,12.5,1,6.0,4,0,1,22,Weak
15,12,0,80.0,5,7.0,10,1,1,71,Good
5,5,7,100.0,4,13.0,10,8,3,94,Excellent
12,4,1,33.3,2,8.0,3,5,2,43,Average
4,2,10,50.0,5,12.0,10,0,5,67,Average
14,7,12,50.0,1,0.0,3,1,4,34,Weak
2,1,13,50.0,0,12.0,7,0,2,41,Average
18,5,8,27.8,5,8.0,7,8,1,55,Average
3,3,9,100.0,5,15.0,10,5,5,95,Excellent
6,6,13,100.0,1,7.0,9,0,3,65,Average
6,2,9,33.3,3,7.0,10,2,5,55,Average
21,17,6,81.0,1,2.0,7,6,2,55,Average
3,1,11,33.3,3,12.0,10,6,0,59,Average
11,9,8,81.8,4,11.0,10,9,5,88,Excellent
15,9,12,60.0,4,13.0,10,0,1,68,Average
13,6,7,46.2,3,1.0,7,0,5,49,Average
17,2,13,11.8,4,3.0,4,0,4,36,Weak
20,13,0,65.0,3,14.0,10,4,1,73,Good
11,3,0,27.3,4,0.0,9,7,4,51,Average
21,4,1,19.0,1,8.0,10,7,0,39,Weak
9,1,8,11.1,2,6.0,7,2,2,33,Weak
24,24,10,100.0,2,15.0,10,7,2,86,Excellent
13,1,3,7.7,3,13.0,9,7,3,53,Average
18,15,2,83.3,0,14.0,9,2,3,61,Average
22,19,12,86.4,1,4.0,3,8,3,59,Average
20,0,11,0.0,5,9.0,7,4,2,42,Average
21,12,9,57.1,0,11.0,9,0,4,47,Average
14,8,7,57.1,3,15.0,9,4,0,69,Average
2,1,6,50.0,3,0.0,10,8,4,60,Average
13,9,0,69.2,2,15.0,4,7,0,66,Average
6,2,2,33.3,0,5.0,4,2,0,24,Weak
22,10,13,45.5,0,2.0,10,8,4,42,Average
7,3,5,42.9,1,9.0,10,4,0,46,Average
7,6,10,85.7,0,12.0,3,5,4,58,Average
7,5,10,71.4,0,2.0,4,0,0,35,Weak
16,6,4,37.5,0,0.0,10,10,0,35,Weak
15,14,3,93.3,1,14.0,3,9,5,74,Good
23,19,10,82.6,5,14.0,9,2,1,79,Good
11,11,1,100.0,3,2.0,3,6,5,74,Good
8,6,7,75.0,0,14.0,3,8,2,57,Average
3,1,13,33.3,3,14.0,9,5,4,63,Average
2,2,10,100.0,0,15.0,9,2,5,71,Good
10,3,11,30.0,2,3.0,7,10,0,44,Average
23,6,1,26.1,0,9.0,10,2,1,32,Weak
14,6,2,42.9,0,15.0,4,3,3,42,Average
22,22,4,100.0,0,14.0,7,4,5,70,Average
4,2,4,50.0,2,9.0,9,9,1,60,Average
4,1,2,25.0,2,3.0,9,5,1,40,Weak
21,10,14,47.6,2,1.0,4,7,2,45,Average
4,1,2,25.0,3,4.0,9,9,1,51,Average
3,2,10,66.7,4,1.0,7,10,1,66,Average
11,4,8,36.4,4,3.0,7,9,0,54,Average
23,13,9,56.5,3,1.0,10,9,4,65,Average
17,6,3,35.3,3,12.0,4,10,4,62,Average
4,1,4,25.0,2,9.0,9,10,0,50,Average
21,21,9,100.0,1,8.0,10,7,3,74,Good
21,7,4,33.3,2,12.0,9,1,3,50,Average
20,1,10,5.0,0,6.0,10,1,3,22,Weak
22,8,0,36.4,5,6.0,7,8,5,61,Average
7,4,1,57.1,2,3.0,4,3,3,48,Average
24,2,10,8.3,4,7.0,10,8,4,52,Average
9,3,9,33.3,5,2.0,9,10,0,54,Average
20,3,0,15.0,2,9.0,4,7,0,38,Weak
15,8,13,53.3,5,15.0,4,8,3,71,Good
19,14,0,73.7,2,8.0,4,3,5,61,Average
16,16,14,100.0,0,4.0,10,4,2,60,Average
16,6,10,37.5,0,11.0,3,10,3,42,Average
16,14,14,87.5,0,13.0,9,8,1,66,Average
19,4,14,21.1,5,7.0,7,2,2,46,Average
18,14,4,77.8,2,4.0,3,10,4,64,Average
5,3,11,60.0,1,11.0,9,5,3,58,Average
20,15,3,75.0,2,2.0,9,9,0,62,Average
14,11,7,78.6,1,15.0,9,5,5,71,Good
9,5,3,55.6,5,5.0,7,6,5,65,Average
13,3,7,23.1,5,5.0,4,1,2,41,Average
24,13,13,54.2,0,11.0,3,3,2,41,Average
21,18,6,85.7,4,0.0,3,7,3,67,Average
21,21,1,100.0,2,3.0,4,9,4,72,Good
12,12,4,100.0,0,2.0,9,0,2,53,Average
20,3,11,15.0,5,6.0,3,0,0,35,Weak
10,6,7,60.0,0,8.0,10,7,0,49,Average
17,1,8,5.9,1,2.0,7,4,4,25,Weak
16,11,6,68.8,0,5.0,4,9,4,50,Average
7,7,4,100.0,2,12.0,10,0,4,78,Good
8,0,8,0.0,3,15.0,3,3,0,39,Weak
3,2,9,66.7,1,0.0,10,0,1,44,Average
5,5,13,100.0,0,10.0,4,7,2,63,Average
11,10,9,90.9,0,0.0,4,9,1,50,Average
12,5,14,41.7,5,8.0,7,1,2,55,Average
5,0,12,0.0,4,14.0,10,3,3,50,Average
11,11,1,100.0,5,12.0,4,9,1,86,Excellent
15,14,5,93.3,3,3.0,10,0,0,68,Average
7,4,5,57.1,3,4.0,4,10,2,61,Average
9,9,0,100.0,4,12.0,4,9,4,89,Excellent
10,0,2,0.0,3,13.0,9,1,3,44,Average
13,8,11,61.5,2,4.0,9,1,1,52,Average
10,0,5,0.0,1,0.0,4,7,1,18,Weak
18,17,2,94.4,2,7.0,3,0,3,63,Average
9,6,4,66.7,0,9.0,4,5,1,46,Average
11,10,4,90.9,1,7.0,7,0,5,61,Average
10,6,2,60.0,4,14.0,3,5,5,71,Good
6,0,1,0.0,5,13.0,3,3,0,39,Weak
17,0,11,0.0,0,12.0,10,7,5,34,Weak
7,2,12,28.6,0,0.0,3,9,0,23,Weak
8,6,7,75.0,0,13.0,7,5,2,57,Average
20,3,9,15.0,4,12.0,9,7,4,58,Average
23,20,13,87.0,1,6.0,4,6,1,58,Average
17,4,12,23.5,1,9.0,7,10,1,42,Average
23,11,0,47.8,0,13.0,3,2,0,37,Weak
21,4,14,19.0,5,14.0,9,2,4,57,Average
13,6,1,46.2,2,8.0,9,4,0,51,Average
19,9,0,47.4,4,0.0,10,8,2,59,Average
9,0,6,0.0,4,9.0,10,9,2,50,Average
12,7,11,58.3,0,10.0,4,3,5,45,Average
14,11,1,78.6,4,0.0,3,1,5,60,Average
24,23,4,95.8,3,13.0,4,6,4,83,Good
21,7,3,33.3,3,3.0,3,6,4,47,Average
13,12,5,92.3,1,14.0,7,4,3,71,Good
17,15,14,88.2,5,8.0,3,2,2,70,Average
6,6,4,100.0,5,5.0,10,9,0,84,Good
20,7,3,35.0,2,0.0,9,9,5,49,Average
14,12,1,85.7,0,0.0,4,8,2,48,Average
14,8,2,57.1,5,11.0,10,6,2,72,Good
19,1,1,5.3,5,6.0,9,2,0,39,Weak
16,4,8,25.0,3,13.0,7,4,1,53,Average
3,2,6,66.7,3,3.0,3,0,3,54,Average
8,1,7,12.5,1,14.0,4,2,2,33,Weak
6,3,12,50.0,0,15.0,7,4,3,49,Average
18,14,8,77.8,5,1.0,9,4,1,66,Average
2,0,2,0.0,2,10.0,4,0,0,26,Weak
6,3,5,50.0,1,15.0,9,10,5,65,Average
15,3,4,20.0,4,5.0,4,2,2,41,Average
17,9,12,52.9,0,1.0,4,5,2,33,Weak
13,3,4,23.1,0,14.0,7,5,1,36,Weak
21,21,2,100.0,1,7.0,3,5,3,64,Average
23,1,11,4.3,2,0.0,7,9,3,33,Weak
5,5,6,100.0,2,13.0,4,8,2,79,Good
23,19,1,82.6,1,10.0,4,9,5,67,Average
16,14,10,87.5,2,1.0,9,4,5,66,Average
16,14,3,87.5,2,4.0,4,2,1,58,Average
4,0,13,0.0,3,0.0,9,4,3,34,Weak
16,15,12,93.8,3,15.0,9,6,5,91,Excellent
18,11,5,61.1,5,0.0,9,3,2,58,Average
15,15,8,100.0,4,12.0,4,5,0,81,Good
3,3,8,100.0,1,8.0,10,1,0,65,Average
14,8,9,57.1,5,9.0,4,6,4,66,Average
23,8,1,34.8,3,12.0,4,7,5,60,Average
18,2,4,11.1,1,14.0,10,5,0,39,Weak
5,0,2,0.0,2,2.0,4,9,3,30,Weak
24,9,10,37.5,4,0.0,9,10,2,56,Average
24,20,1,83.3,4,1.0,3,9,1,67,Average
5,3,7,60.0,2,10.0,9,1,3,59,Average
20,10,10,50.0,0,9.0,10,9,5,53,Average
11,2,14,18.2,1,1.0,9,3,1,27,Weak
15,9,4,60.0,0,3.0,7,4,0,38,Weak
12,8,0,66.7,4,8.0,10,4,2,71,Good
20,20,10,100.0,3,11.0,4,3,1,77,Good
24,18,0,75.0,2,5.0,4,9,4,64,Average
20,12,0,60.0,4,15.0,3,7,3,72,Good
23,21,14,91.3,4,15.0,9,10,0,91,Excellent
23,10,12,43.5,4,12.0,9,10,2,70,Average
4,4,10,100.0,0,7.0,9,4,4,64,Average
7,2,12,28.6,3,14.0,9,7,2,61,Average
18,2,1,11.1,5,11.0,3,5,3,46,Average
15,6,1,40.0,4,8.0,9,5,1,59,Average
3,0,4,0.0,1,7.0,9,8,1,31,Weak
4,0,0,0.0,2,13.0,4,7,0,36,Weak
13,12,13,92.3,5,8.0,7,10,0,82,Good
16,13,0,81.2,0,2.0,10,8,0,52,Average
5,1,8,20.0,3,15.0,7,6,3,57,Average
5,5,12,100.0,0,1.0,9,10,0,60,Average
4,0,11,0.0,5,11.0,7,1,3,42,Average
14,4,3,28.6,0,10.0,9,8,5,43,Average
2,2,7,100.0,0,9.0,9,4,4,66,Average
15,4,8,26.7,1,0.0,9,4,3,33,Weak
12,9,11,75.0,1,7.0,9,8,0,60,Average
12,11,6,91.7,2,14.0,10,3,2,78,Good
17,1,4,5.9,1,3.0,4,9,5,29,Weak
14,0,11,0.0,2,11.0,10,5,2,40,Weak
18,17,13,94.4,3,13.0,9,3,4,85,Good
19,10,7,52.6,3,15.0,7,3,4,68,Average
23,12,0,52.2,5,8.0,4,4,1,58,Average
20,9,7,45.0,2,5.0,7,10,0,52,Average
13,6,13,46.2,3,11.0,9,1,0,57,Average
13,9,14,69.2,4,7.0,4,5,1,65,Average
7,4,6,57.1,1,10.0,4,9,1,53,Average
15,2,2,13.3,4,11.0,10,5,3,54,Average
5,3,8,60.0,5,11.0,7,6,3,71,Good
23,16,12,69.6,1,3.0,9,3,2,51,Average
21,2,14,9.5,1,12.0,3,1,4,30,Weak
4,1,0,25.0,2,8.0,3,7,4,44,Average
20,16,4,80.0,1,14.0,10,10,4,76,Good
4,3,7,75.0,3,10.0,3,5,5,71,Good
18,2,1,11.1,5,14.0,9,4,2,53,Average
4,0,13,0.0,3,15.0,10,1,4,48,Average
13,8,1,61.5,0,15.0,7,10,2,59,Average
17,8,9,47.1,1,11.0,10,9,1,56,Average
18,18,13,100.0,4,9.0,7,9,0,85,Good
11,6,10,54.5,1,1.0,10,3,0,42,Average
23,22,11,95.7,3,6.0,4,6,5,77,Good
19,4,3,21.1,4,7.0,7,4,1,47,Average
6,3,12,50.0,1,12.0,4,2,5,49,Average
17,2,6,11.8,3,9.0,9,2,4,47,Average
18,10,0,55.6,2,7.0,3,4,2,50,Average
9,1,5,11.1,0,2.0,10,6,5,27,Weak
18,9,5,50.0,2,11.0,3,1,5,52,Average
22,7,7,31.8,2,6.0,4,7,5,47,Average
20,3,3,15.0,0,0.0,7,5,2,20,Weak
19,1,6,5.3,5,4.0,3,9,1,39,Weak
16,8,6,50.0,3,14.0,7,3,0,62,Average
8,8,4,100.0,0,1.0,10,0,5,56,Average
20,4,10,20.0,5,6.0,10,3,5,52,Average
10,4,4,40.0,5,8.0,3,10,3,60,Average
14,3,11,21.4,0,1.0,7,3,0,20,Weak
9,8,3,88.9,0,2.0,7,7,4,56,Average
9,4,12,44.4,2,15.0,3,9,1,58,Average
5,5,5,100.0,3,9.0,9,3,3,82,Good
24,6,0,25.0,4,3.0,7,7,3,50,Average
5,0,2,0.0,2,2.0,9,2,0,25,Weak
3,2,12,66.7,3,6.0,4,3,0,58,Average
23,15,13,65.2,0,11.0,4,3,0,44,Average
14,14,3,100.0,3,11.0,9,7,5,90,Excellent
12,11,9,91.7,5,3.0,9,9,5,83,Good
18,16,8,88.9,3,11.0,3,2,2,72,Good
10,6,2,60.0,2,14.0,4,3,2,59,Average
4,1,6,25.0,1,3.0,7,9,2,37,Weak
18,8,10,44.4,5,0.0,10,5,2,55,Average
6,0,14,0.0,0,15.0,4,5,3,27,Weak
14,6,12,42.9,1,8.0,4,7,2,44,Average
23,8,1,34.8,0,12.0,10,1,3,40,Weak
23,0,3,0.0,5,5.0,9,9,2,45,Average
10,2,6,20.0,2,4.0,10,4,3,41,Average
19,10,2,52.6,5,3.0,9,7,5,65,Average
16,6,8,37.5,3,3.0,10,4,1,51,Average
13,13,0,100.0,3,7.0,3,8,0,76,Good
5,2,1,40.0,3,1.0,4,6,3,48,Average
10,10,0,100.0,1,13.0,4,1,0,64,Average
16,11,4,68.8,3,8.0,3,2,1,60,Average
24,1,11,4.2,4,14.0,9,9,4,58,Average
2,0,2,0.0,5,8.0,9,5,2,44,Average
18,13,14,72.2,3,4.0,3,3,3,60,Average
21,11,4,52.4,5,8.0,3,1,4,57,Average
23,7,0,30.4,5,2.0,3,1,0,38,Weak
11,6,5,54.5,3,13.0,7,10,2,72,Good
4,4,11,100.0,2,11.0,7,10,0,80,Good
8,3,1,37.5,0,2.0,4,4,2,27,Weak
21,0,1,0.0,1,9.0,10,2,1,28,Weak
22,7,12,31.8,5,8.0,4,4,5,54,Average
16,15,8,93.8,0,3.0,7,1,1,50,Average
4,3,5,75.0,2,1.0,7,6,1,57,Average
4,4,11,100.0,4,12.0,4,6,0,82,Good
12,11,12,91.7,1,4.0,10,10,0,67,Average
15,1,5,6.7,5,8.0,10,3,1,45,Average
2,0,8,0.0,3,3.0,3,2,1,27,Weak
17,1,0,5.9,0,10.0,7,1,4,24,Weak
14,0,4,0.0,1,0.0,3,4,5,18,Weak
2,2,8,100.0,4,5.0,7,6,5,83,Good
4,4,2,100.0,5,8.0,9,0,5,82,Good
12,2,14,16.7,5,7.0,7,8,5,54,Average
18,13,14,72.2,5,9.0,4,5,2,69,Average
20,11,3,55.0,0,2.0,4,8,2,38,Weak
11,0,5,0.0,4,7.0,4,5,3,39,Weak
8,8,2,100.0,0,12.0,4,1,1,58,Average
24,21,7,87.5,0,5.0,4,0,3,47,Average
12,7,1,58.3,4,2.0,9,6,5,65,Average
9,7,5,77.8,2,13.0,3,5,1,65,Average
12,5,8,41.7,3,12.0,3,8,4,62,Average
2,2,9,100.0,5,10.0,7,9,5,91,Excellent
8,4,8,50.0,0,12.0,9,1,3,45,Average
13,13,3,100.0,3,12.0,4,3,2,79,Good
23,1,11,4.3,5,11.0,4,2,1,40,Weak
18,3,10,16.7,2,8.0,9,1,1,38,Weak
19,19,11,100.0,3,0.0,4,0,1,63,Average
14,4,7,28.6,2,9.0,9,0,4,45,Average
4,1,13,25.0,5,4.0,3,5,3,45,Average
10,8,5,80.0,0,12.0,3,1,1,49,Average
24,4,12,16.7,5,7.0,7,2,3,46,Average
3,2,3,66.7,4,14.0,4,1,4,70,Average
22,6,3,27.3,4,9.0,9,7,0,56,Average
17,3,7,17.6,2,8.0,7,6,0,40,Weak
8,8,8,100.0,3,14.0,4,10,5,91,Excellent
19,3,11,15.8,2,7.0,3,1,4,33,Weak
21,2,4,9.5,1,6.0,3,2,3,24,Weak
2,2,13,100.0,5,5.0,9,5,5,84,Good
4,4,4,100.0,3,14.0,4,7,3,86,Excellent
17,2,8,11.8,4,12.0,7,1,3,48,Average
24,17,13,70.8,0,2.0,10,2,1,43,Average
2,1,8,50.0,4,7.0,10,4,4,65,Average
17,14,10,82.4,3,5.0,4,0,4,64,Average
5,0,13,0.0,5,10.0,3,4,1,38,Weak
16,16,14,100.0,0,0.0,9,8,4,61,Average
16,10,7,62.5,3,11.0,9,5,4,72,Good
4,4,6,100.0,3,11.0,4,4,0,77,Good
17,6,2,35.3,3,3.0,7,5,0,47,Average
22,21,8,95.5,0,2.0,3,10,3,56,Average
21,13,13,61.9,2,10.0,9,5,3,64,Average
2,0,7,0.0,1,4.0,9,5,3,27,Weak
7,7,5,100.0,3,15.0,4,10,2,89,Excellent
7,6,1,85.7,1,12.0,7,1,5,65,Average
12,3,5,25.0,2,15.0,4,1,2,44,Average
5,3,3,60.0,3,8.0,3,4,1,58,Average
21,8,14,38.1,0,15.0,3,3,0,36,Weak
19,10,7,52.6,4,0.0,10,2,5,58,Average
20,20,2,100.0,4,4.0,7,1,4,76,Good
6,6,1,100.0,0,0.0,3,9,2,54,Average
2,0,12,0.0,0,10.0,3,6,1,20,Weak
22,22,13,100.0,5,8.0,4,7,0,79,Good
8,3,11,37.5,1,4.0,10,1,0,36,Weak
17,12,1,70.6,5,4.0,4,3,0,59,Average
22,17,1,77.3,2,10.0,10,6,3,72,Good
2,1,2,50.0,2,2.0,7,5,1,47,Average
2,1,11,50.0,1,8.0,9,7,0,50,Average
2,1,11,50.0,3,9.0,9,7,1,64,Average
5,5,12,100.0,0,3.0,3,4,4,54,Average
3,1,1,33.3,2,3.0,3,8,2,41,Average
20,5,2,25.0,2,5.0,10,2,0,39,Weak
15,5,13,33.3,0,9.0,10,0,4,36,Weak
24,4,13,16.7,2,4.0,3,10,2,38,Weak
20,8,10,40.0,3,6.0,9,0,1,50,Average
24,2,1,8.3,4,8.0,10,3,4,48,Average
7,0,1,0.0,0,2.0,10,1,5,18,Weak
8,6,0,75.0,5,9.0,4,2,3,68,Average
21,1,10,4.8,5,2.0,10,4,0,38,Weak
7,4,12,57.1,4,2.0,9,1,1,56,Average
3,3,9,100.0,5,3.0,10,5,3,81,Good
17,13,3,76.5,2,4.0,3,10,5,65,Average
20,9,11,45.0,4,0.0,9,1,5,53,Average
24,4,0,16.7,4,15.0,3,10,5,60,Average
23,22,12,95.7,3,4.0,4,4,4,72,Good
4,4,13,100.0,1,12.0,3,6,3,70,Average
19,12,10,63.2,3,14.0,7,4,3,71,Good
21,1,13,4.8,5,12.0,10,3,4,51,Average
18,0,8,0.0,5,13.0,9,1,4,47,Average
20,6,7,30.0,2,1.0,4,6,3,38,Weak
21,3,4,14.3,1,5.0,7,10,0,34,Weak
12,11,13,91.7,4,11.0,4,5,5,82,Good
2,0,10,0.0,0,9.0,9,6,0,24,Weak
12,3,2,25.0,0,0.0,4,7,2,23,Weak
6,6,14,100.0,3,9.0,3,4,2,76,Good
4,4,0,100.0,5,12.0,7,1,5,85,Good
4,1,8,25.0,1,13.0,10,5,0,44,Average
18,7,2,38.9,2,6.0,7,9,2,52,Average
13,7,9,53.8,1,3.0,4,3,2,40,Weak
14,9,6,64.3,2,4.0,3,9,0,54,Average
19,18,6,94.7,0,4.0,10,9,1,62,Average
14,13,10,92.9,3,5.0,9,2,2,73,Good
16,16,11,100.0,3,4.0,3,6,5,76,Good
3,0,5,0.0,1,7.0,3,8,2,26,Weak
21,5,14,23.8,1,0.0,3,5,5,29,Weak
12,7,7,58.3,4,4.0,4,7,4,62,Average
5,0,2,0.0,1,5.0,10,10,4,35,Weak
20,7,0,35.0,0,2.0,3,6,5,30,Weak
18,2,3,11.1,0,14.0,10,9,4,41,Average
3,3,10,100.0,5,10.0,3,8,4,85,Good
6,0,8,0.0,2,14.0,9,8,0,43,Average
2,0,5,0.0,0,8.0,4,9,4,25,Weak
8,1,7,12.5,5,1.0,10,2,0,38,Weak
4,0,12,0.0,0,14.0,7,0,4,25,Weak
18,10,8,55.6,2,7.0,4,1,3,49,Average
14,5,0,35.7,0,10.0,4,2,4,34,Weak
24,22,0,91.7,4,6.0,10,7,3,83,Good
19,5,7,26.3,4,7.0,7,5,2,52,Average
16,9,6,56.2,4,7.0,4,5,2,60,Average
13,9,12,69.2,1,4.0,9,0,3,50,Average
3,2,8,66.7,1,8.0,7,7,2,57,Average
3,3,11,100.0,5,11.0,9,4,2,86,Excellent
16,3,8,18.8,4,0.0,7,8,2,45,Average
2,1,5,50.0,0,2.0,3,1,3,29,Weak
2,2,9,100.0,4,13.0,3,3,1,80,Good
7,6,9,85.7,4,9.0,3,0,3,69,Average
22,14,10,63.6,3,15.0,7,3,1,69,Average
12,8,2,66.7,3,9.0,7,10,1,72,Good
18,16,9,88.9,0,10.0,9,5,2,62,Average
11,7,4,63.6,0,14.0,10,4,0,53,Average
5,5,11,100.0,0,10.0,3,3,3,59,Average
10,1,11,10.0,0,5.0,10,2,4,25,Weak
4,1,9,25.0,5,8.0,10,7,5,60,Average
19,2,14,10.5,3,3.0,9,10,1,45,Average
6,0,8,0.0,4,5.0,7,8,3,43,Average
10,5,0,50.0,1,10.0,3,8,3,50,Average
24,5,9,20.8,5,2.0,3,5,4,42,Average
15,6,11,40.0,1,10.0,3,1,3,39,Weak
12,5,1,41.7,5,9.0,9,7,4,66,Average
14,9,1,64.3,0,4.0,7,8,5,50,Average
20,19,4,95.0,0,0.0,3,5,0,46,Average
7,6,12,85.7,0,11.0,3,1,2,51,Average
16,6,7,37.5,4,13.0,3,7,3,61,Average
22,7,14,31.8,1,11.0,9,10,3,52,Average
15,12,13,80.0,2,6.0,9,2,2,63,Average
12,1,8,8.3,2,10.0,9,1,1,36,Weak
5,3,10,60.0,4,6.0,3,8,3,64,Average
7,3,4,42.9,2,5.0,3,3,4,44,Average
23,4,1,17.4,0,5.0,3,7,0,22,Weak
14,9,5,64.3,2,3.0,9,7,3,60,Average
8,2,8,25.0,1,15.0,9,2,5,47,Average
11,2,2,18.2,4,10.0,4,0,3,44,Average
15,10,3,66.7,4,2.0,3,6,5,63,Average
14,2,0,14.3,0,13.0,4,4,2,29,Weak
18,12,11,66.7,4,2.0,10,9,0,68,Average
7,1,13,14.3,0,9.0,3,3,4,25,Weak
16,7,12,43.8,3,2.0,9,2,1,50,Average
12,10,5,83.3,2,5.0,7,9,0,66,Average
23,5,8,21.7,1,10.0,3,8,1,37,Weak
5,4,14,80.0,2,15.0,10,6,5,80,Good
5,4,8,80.0,1,15.0,7,10,4,74,Good
12,11,4,91.7,4,14.0,9,8,1,89,Excellent
13,2,5,15.4,5,3.0,3,9,3,44,Average
17,12,10,70.6,4,1.0,4,8,2,63,Average
11,11,6,100.0,2,14.0,9,4,1,80,Good
23,18,12,78.3,3,14.0,9,0,5,77,Good
12,2,12,16.7,2,4.0,3,6,4,36,Weak
4,4,0,100.0,4,0.0,9,8,2,79,Good
4,0,10,0.0,3,10.0,10,10,2,50,Average
24,14,5,58.3,2,1.0,9,7,4,56,Average
5,2,7,40.0,2,0.0,4,6,2,40,Weak
23,12,3,52.2,2,14.0,10,6,2,65,Average
8,4,5,50.0,3,7.0,9,1,2,57,Average
4,0,4,0.0,4,1.0,3,0,2,26,Weak
9,5,0,55.6,2,10.0,3,0,3,50,Average
16,15,11,93.8,4,5.0,10,9,0,82,Good
11,5,2,45.5,4,8.0,4,8,2,60,Average
20,5,5,25.0,2,14.0,3,2,2,43,Average
16,16,2,100.0,5,3.0,7,4,1,75,Good
11,1,2,9.1,1,10.0,7,5,2,34,Weak
16,8,5,50.0,5,13.0,7,2,2,64,Average
24,12,13,50.0,1,6.0,9,4,2,47,Average
11,5,14,45.5,3,15.0,10,3,5,69,Average
5,5,5,100.0,1,7.0,9,7,3,72,Good
11,5,7,45.5,2,7.0,3,8,3,51,Average
21,21,14,100.0,2,14.0,3,1,1,71,Good
7,0,3,0.0,4,10.0,3,5,5,43,Average
23,17,14,73.9,0,13.0,4,10,0,57,Average
15,9,1,60.0,5,12.0,4,9,3,72,Good
15,3,3,20.0,5,11.0,10,8,1,58,Average
9,2,5,22.2,3,3.0,4,8,4,46,Average
23,17,0,73.9,3,6.0,3,0,2,59,Average
2,1,12,50.0,4,13.0,10,10,1,74,Good
8,5,12,62.5,1,9.0,4,8,0,52,Average
11,0,5,0.0,4,4.0,10,9,4,47,Average
12,7,12,58.3,1,5.0,9,9,2,54,Average
12,12,11,100.0,4,12.0,10,2,1,85,Good
5,0,12,0.0,1,2.0,10,0,5,23,Weak
7,3,12,42.9,4,1.0,3,7,0,48,Average
4,2,8,50.0,4,12.0,9,5,2,68,Average
15,14,1,93.3,1,4.0,7,0,0,54,Average
10,3,13,30.0,3,12.0,9,2,0,53,Average
15,7,9,46.7,2,8.0,9,10,0,58,Average
15,11,13,73.3,1,15.0,7,3,1,61,Average
18,1,14,5.6,3,8.0,4,2,5,39,Weak
14,12,2,85.7,5,13.0,10,7,2,86,Excellent
16,13,6,81.2,0,13.0,9,7,5,66,Average
15,11,2,73.3,5,3.0,10,3,1,66,Average
17,11,0,64.7,5,15.0,4,9,4,78,Good
16,12,14,75.0,3,11.0,10,6,0,75,Good
9,7,13,77.8,3,1.0,4,1,0,55,Average
7,7,13,100.0,2,0.0,7,3,0,62,Average
20,8,13,40.0,0,4.0,10,9,5,44,Average
9,4,9,44.4,3,0.0,4,0,4,44,Average
14,9,7,64.3,4,5.0,4,0,4,59,Average
6,1,14,16.7,1,15.0,10,7,5,50,Average
11,10,8,90.9,4,7.0,10,4,1,78,Good
14,11,9,78.6,4,0.0,4,2,4,61,Average
16,10,3,62.5,4,7.0,4,5,3,64,Average
14,4,11,28.6,2,3.0,4,2,3,35,Weak
10,3,12,30.0,2,13.0,3,4,3,47,Average
24,10,10,41.7,2,1.0,7,2,2,41,Average
13,9,7,69.2,5,12.0,4,6,0,70,Average
20,16,2,80.0,5,7.0,10,7,0,76,Good
18,12,0,66.7,2,0.0,3,10,3,55,Average
14,13,9,92.9,5,10.0,9,0,3,79,Good
22,22,10,100.0,3,7.0,7,3,4,79,Good
4,3,11,75.0,2,12.0,9,2,3,68,Average
23,8,14,34.8,0,9.0,3,6,1,33,Weak
21,13,7,61.9,3,12.0,7,5,2,69,Average
13,5,12,38.5,3,7.0,9,9,2,60,Average
18,11,10,61.1,5,0.0,4,10,5,63,Average
13,11,4,84.6,4,2.0,10,8,3,77,Good
8,3,12,37.5,0,7.0,7,2,3,34,Weak
20,10,0,50.0,3,6.0,4,0,4,52,Average
7,0,8,0.0,4,12.0,3,9,2,46,Average
9,7,14,77.8,2,6.0,3,10,5,67,Average
13,6,9,46.2,2,13.0,7,2,4,56,Average
21,10,14,47.6,4,3.0,7,0,5,54,Average
10,5,0,50.0,3,6.0,10,7,4,65,Average
13,3,7,23.1,4,12.0,9,6,3,59,Average
2,1,11,50.0,2,1.0,3,9,0,45,Average
4,3,9,75.0,1,5.0,7,6,3,57,Average
3,1,13,33.3,3,12.0,7,8,0,58,Average
3,0,6,0.0,5,9.0,3,8,3,43,Average
21,8,10,38.1,3,12.0,9,0,4,58,Average
21,4,6,19.0,4,8.0,7,1,3,47,Average
20,7,13,35.0,0,13.0,3,8,1,39,Weak
3,2,1,66.7,5,14.0,7,1,0,69,Average
3,0,3,0.0,1,15.0,9,2,4,36,Weak
8,6,1,75.0,5,1.0,4,8,4,67,Average
15,3,10,20.0,2,9.0,4,2,2,37,Weak
9,8,3,88.9,5,1.0,3,1,4,65,Average
13,10,4,76.9,5,3.0,4,0,4,62,Average
5,1,12,20.0,4,4.0,10,5,3,50,Average
18,10,5,55.6,5,10.0,9,7,0,68,Average
9,1,2,11.1,3,6.0,3,8,5,44,Average
3,0,0,0.0,5,13.0,7,9,2,51,Average
19,19,3,100.0,1,4.0,3,7,4,64,Average
22,18,13,81.8,0,9.0,7,8,5,62,Average
2,0,8,0.0,3,12.0,3,2,2,37,Weak
12,3,14,25.0,4,15.0,9,3,3,60,Average
21,4,3,19.0,4,3.0,7,3,0,41,Average
18,7,5,38.9,3,11.0,9,0,5,59,Average
21,6,2,28.6,3,1.0,7,10,0,47,Average
11,3,5,27.3,3,8.0,4,2,3,46,Average
10,5,8,50.0,5,6.0,4,4,2,56,Average
18,3,12,16.7,5,15.0,4,3,0,49,Average
5,5,5,100.0,0,12.0,7,0,2,61,Average
7,5,11,71.4,3,14.0,7,9,5,82,Good
15,12,9,80.0,2,13.0,9,2,1,69,Average
17,3,4,17.6,4,6.0,3,1,1,38,Weak
4,3,13,75.0,3,11.0,4,3,1,67,Average
13,11,6,84.6,5,0.0,10,1,0,65,Average
10,1,2,10.0,2,8.0,10,10,1,45,Average
13,10,14,76.9,4,0.0,10,2,3,66,Average
24,8,13,33.3,0,11.0,4,3,4,35,Weak
3,3,0,100.0,5,15.0,3,2,4,84,Good
24,11,13,45.8,0,10.0,3,0,4,35,Weak
12,10,14,83.3,2,13.0,3,0,4,65,Average
19,2,12,10.5,5,3.0,10,5,2,44,Average
11,4,3,36.4,5,15.0,10,2,5,67,Average
9,2,9,22.2,2,8.0,10,0,1,40,Weak
19,4,8,21.1,2,10.0,9,3,4,46,Average
17,5,9,29.4,0,12.0,4,3,0,31,Weak
5,2,9,40.0,5,10.0,7,4,4,61,Average
18,2,9,11.1,0,5.0,10,10,0,29,Weak
19,14,7,73.7,0,9.0,10,3,1,52,Average
10,6,10,60.0,2,10.0,7,7,2,62,Average
23,19,7,82.6,0,13.0,10,8,4,68,Average
16,11,0,68.8,0,7.0,4,0,0,39,Weak
9,1,0,11.1,3,8.0,7,5,1,43,Average
2,0,14,0.0,4,8.0,10,4,2,44,Average
17,7,13,41.2,1,1.0,4,5,4,36,Weak
6,3,8,50.0,4,1.0,9,1,5,56,Average
19,4,2,21.1,3,0.0,7,5,3,41,Average
14,11,11,78.6,1,10.0,4,1,3,55,Average
12,7,2,58.3,4,6.0,4,10,2,65,Average
5,4,5,80.0,3,13.0,9,6,4,82,Good
18,2,4,11.1,4,11.0,7,0,0,42,Average
5,4,0,80.0,0,2.0,4,5,0,43,Average
11,2,12,18.2,1,1.0,9,10,1,34,Weak
21,9,7,42.9,1,5.0,3,8,1,40,Weak
23,10,4,43.5,2,14.0,3,3,2,51,Average
24,20,7,83.3,5,0.0,10,9,5,77,Good
24,6,0,25.0,4,2.0,9,2,3,46,Average
14,3,6,21.4,3,0.0,7,2,2,38,Weak
6,2,7,33.3,3,6.0,3,1,1,42,Average
21,7,5,33.3,5,15.0,7,10,3,68,Average
20,3,12,15.0,2,10.0,7,7,1,43,Average
24,4,3,16.7,1,7.0,7,5,5,37,Weak
16,3,2,18.8,0,2.0,3,7,2,22,Weak
5,2,7,40.0,1,5.0,7,2,3,39,Weak
13,4,13,30.8,3,8.0,7,0,5,50,Average
12,5,5,41.7,2,4.0,4,9,1,47,Average
21,15,0,71.4,2,11.0,3,10,2,67,Average
11,2,14,18.2,2,15.0,10,0,3,47,Average
9,9,6,100.0,5,3.0,9,0,1,73,Good
3,3,2,100.0,5,4.0,9,6,0,79,Good
21,3,9,14.3,0,2.0,9,0,1,18,Weak
19,6,4,31.6,0,11.0,9,7,0,40,Weak
2,0,14,0.0,1,7.0,3,10,4,30,Weak
11,3,4,27.3,5,4.0,7,3,0,45,Average
13,5,8,38.5,2,3.0,10,3,1,44,Average
12,1,8,8.3,5,1.0,4,9,5,42,Average
23,0,3,0.0,3,7.0,10,3,3,41,Average
5,2,7,40.0,3,10.0,3,2,4,53,Average
9,7,1,77.8,1,3.0,4,0,4,48,Average
6,2,9,33.3,2,0.0,4,9,1,39,Weak
7,6,11,85.7,0,7.0,9,10,3,63,Average
22,8,14,36.4,3,10.0,3,0,1,47,Average
23,21,4,91.3,1,5.0,4,8,3,63,Average
3,0,4,0.0,1,4.0,9,1,4,24,Weak
16,9,8,56.2,0,2.0,4,1,5,34,Weak
7,6,10,85.7,4,11.0,10,4,5,84,Good
6,0,14,0.0,5,13.0,10,4,0,47,Average
8,8,0,100.0,2,12.0,4,9,1,78,Good
6,2,3,33.3,3,8.0,7,7,3,56,Average
13,6,3,46.2,5,11.0,4,1,1,55,Average
24,15,3,62.5,3,6.0,4,6,3,62,Average
15,10,6,66.7,3,0.0,9,9,5,68,Average
18,0,13,0.0,2,5.0,4,7,1,29,Weak
13,12,0,92.3,3,11.0,3,2,5,76,Good
2,1,12,50.0,3,10.0,4,1,5,58,Average
3,3,9,100.0,4,15.0,10,4,5,94,Excellent
8,4,9,50.0,3,15.0,4,5,0,62,Average
7,4,10,57.1,3,3.0,4,3,1,52,Average
21,9,1,42.9,0,0.0,9,1,0,27,Weak
21,19,11,90.5,5,4.0,3,1,0,64,Average
21,18,3,85.7,5,14.0,4,5,0,77,Good
16,15,7,93.8,1,13.0,3,10,2,72,Good
14,7,10,50.0,1,1.0,10,6,0,43,Average
16,13,9,81.2,5,2.0,10,4,1,69,Average
11,4,4,36.4,1,9.0,9,10,5,54,Average
17,8,5,47.1,4,10.0,4,7,5,65,Average
20,15,7,75.0,4,15.0,9,7,5,86,Excellent
19,1,0,5.3,5,12.0,9,6,0,49,Average
16,12,10,75.0,0,3.0,10,8,3,54,Average
3,0,1,0.0,2,0.0,3,5,3,23,Weak
18,11,6,61.1,3,10.0,9,6,0,67,Average
10,5,9,50.0,5,8.0,3,6,5,62,Average
19,9,1,47.4,1,14.0,7,8,2,56,Average
14,7,14,50.0,1,9.0,10,9,5,59,Average
22,11,5,50.0,1,8.0,3,3,0,40,Weak
9,4,0,44.4,4,4.0,3,7,3,55,Average
23,10,9,43.5,5,1.0,10,0,0,48,Average
21,12,8,57.1,0,14.0,3,5,5,50,Average
9,7,9,77.8,1,13.0,9,9,3,71,Good
13,7,11,53.8,1,2.0,7,7,0,44,Average
14,9,7,64.3,5,11.0,4,2,1,64,Average
19,16,12,84.2,2,5.0,10,6,2,69,Average
17,17,5,100.0,1,6.0,10,3,0,65,Average
21,2,8,9.5,1,13.0,4,4,0,31,Weak
10,7,2,70.0,3,13.0,3,2,5,69,Average
13,3,9,23.1,2,3.0,3,6,5,38,Weak
11,2,3,18.2,0,4.0,3,2,3,19,Weak
22,18,10,81.8,4,13.0,10,4,5,85,Good
9,0,12,0.0,2,14.0,7,10,3,46,Average
15,13,12,86.7,1,1.0,9,8,0,59,Average
4,3,13,75.0,4,13.0,4,4,4,75,Good
21,21,1,100.0,4,7.0,10,10,0,87,Excellent
10,7,2,70.0,0,9.0,9,0,4,50,Average
9,8,13,88.9,0,1.0,9,10,2,58,Average
15,1,5,6.7,0,10.0,7,3,0,23,Weak
13,12,0,92.3,4,10.0,9,9,1,86,Excellent
21,3,4,14.3,3,10.0,7,10,4,55,Average
14,4,12,28.6,4,12.0,4,6,5,58,Average
13,1,5,7.7,3,15.0,7,6,3,52,Average
4,2,1,50.0,2,13.0,4,8,0,57,Average
2,2,10,100.0,3,11.0,10,2,5,86,Excellent
11,3,2,27.3,4,15.0,9,1,4,60,Average
24,20,5,83.3,2,10.0,9,3,2,69,Average
23,14,0,60.9,5,10.0,9,5,3,71,Good
16,10,9,62.5,5,8.0,7,8,5,73,Good
16,15,6,93.8,4,12.0,10,2,2,84,Good
11,5,13,45.5,5,1.0,4,6,0,49,Average
6,2,5,33.3,2,8.0,7,0,0,40,Weak
2,2,3,100.0,0,6.0,3,0,3,52,Average
9,5,2,55.6,2,14.0,4,10,5,67,Average
9,6,3,66.7,4,1.0,7,9,4,68,Average
6,2,6,33.3,4,10.0,7,9,3,62,Average
7,1,1,14.3,2,2.0,10,3,1,34,Weak
2,0,6,0.0,1,14.0,9,5,2,36,Weak
15,3,12,20.0,2,13.0,7,7,0,47,Average
23,4,11,17.4,4,3.0,7,2,2,41,Average
17,13,9,76.5,0,13.0,9,8,3,64,Average
12,0,13,0.0,1,7.0,9,7,5,34,Weak
11,7,11,63.6,1,15.0,4,4,5,59,Average
9,9,9,100.0,4,11.0,7,4,4,86,Excellent
5,4,12,80.0,2,0.0,7,3,0,54,Average
15,6,1,40.0,0,3.0,3,8,4,34,Weak
15,0,12,0.0,1,6.0,10,10,1,33,Weak
2,2,4,100.0,0,3.0,7,10,3,63,Average
11,0,10,0.0,2,2.0,4,8,5,31,Weak
8,6,13,75.0,5,15.0,9,3,5,82,Good
5,4,7,80.0,3,13.0,9,8,3,83,Good
18,3,1,16.7,5,6.0,10,2,1,46,Average
14,11,5,78.6,4,3.0,3,9,3,69,Average
16,2,6,12.5,5,2.0,7,2,4,40,Weak
18,4,14,22.2,1,14.0,3,4,3,39,Weak
24,20,14,83.3,5,5.0,7,1,2,68,Average
20,20,8,100.0,1,0.0,7,0,2,55,Average
16,4,14,25.0,2,6.0,7,4,3,42,Average
22,21,6,95.5,4,7.0,10,6,0,81,Good
12,11,6,91.7,1,9.0,7,0,5,64,Average
24,19,12,79.2,1,5.0,7,9,0,59,Average
19,2,10,10.5,0,14.0,3,1,5,27,Weak
16,5,7,31.2,0,10.0,4,10,0,36,Weak
22,15,6,68.2,3,15.0,10,2,3,75,Good
13,13,10,100.0,5,5.0,7,4,2,78,Good
18,15,11,83.3,1,10.0,10,1,3,63,Average
8,3,7,37.5,2,5.0,7,9,2,50,Average
24,5,0,20.8,5,11.0,7,8,5,59,Average
16,16,1,100.0,4,11.0,7,0,0,78,Good
19,5,2,26.3,0,5.0,7,1,5,29,Weak
12,4,6,33.3,3,15.0,3,6,4,59,Average
21,21,9,100.0,0,13.0,3,9,4,69,Average
3,2,12,66.7,1,14.0,7,1,0,55,Average
4,1,3,25.0,1,3.0,7,2,0,28,Weak
13,0,11,0.0,3,11.0,7,5,2,43,Average
18,8,9,44.4,1,1.0,7,1,1,34,Weak
20,20,0,100.0,1,1.0,4,3,4,58,Average
12,5,5,41.7,1,15.0,9,0,5,52,Average
16,11,4,68.8,2,2.0,9,5,2,58,Average
14,3,13,21.4,3,13.0,3,7,4,54,Average
24,19,13,79.2,2,6.0,7,4,0,61,Average
17,13,12,76.5,1,4.0,9,2,4,56,Average
11,7,7,63.6,3,1.0,9,4,0,57,Average
24,19,7,79.2,3,10.0,4,5,4,73,Good
4,2,4,50.0,0,11.0,10,1,2,44,Average
24,9,11,37.5,5,7.0,9,1,2,54,Average
5,4,1,80.0,5,12.0,7,1,1,73,Good
8,7,4,87.5,3,5.0,9,10,2,79,Good
20,17,2,85.0,3,8.0,10,7,5,82,Good
18,4,7,22.2,4,4.0,4,1,4,42,Average
24,16,4,66.7,2,9.0,3,3,2,56,Average
19,0,2,0.0,2,2.0,7,4,1,26,Weak
16,9,5,56.2,2,7.0,3,1,3,48,Average
9,5,12,55.6,0,8.0,10,9,4,53,Average
2,1,8,50.0,5,8.0,10,10,1,69,Average
4,4,12,100.0,1,7.0,9,2,4,68,Average
8,7,13,87.5,1,10.0,10,0,5,66,Average
2,0,13,0.0,5,8.0,3,2,5,38,Weak
13,2,5,15.4,3,4.0,9,6,3,46,Average
19,4,13,21.1,3,3.0,7,8,1,45,Average
24,22,13,91.7,1,10.0,4,3,1,61,Average
13,7,14,53.8,1,15.0,4,3,4,54,Average
22,16,5,72.7,4,12.0,7,2,2,72,Good
24,20,3,83.3,2,10.0,9,0,0,64,Average
21,16,8,76.2,0,14.0,3,0,4,51,Average
12,1,13,8.3,5,14.0,9,4,0,50,Average
9,1,13,11.1,2,8.0,10,6,5,45,Average
24,9,8,37.5,4,1.0,3,0,2,41,Average
7,2,2,28.6,2,10.0,10,2,2,47,Average
11,8,6,72.7,3,9.0,9,10,0,75,Good
3,0,10,0.0,4,4.0,4,10,1,39,Weak
20,7,8,35.0,5,13.0,9,7,5,68,Average
16,4,5,25.0,1,13.0,9,5,3,46,Average
3,0,5,0.0,4,5.0,9,6,5,45,Average
7,1,0,14.3,5,7.0,3,4,5,45,Average
14,2,4,14.3,3,3.0,3,2,0,32,Weak
14,8,10,57.1,0,2.0,9,4,2,40,Weak
20,8,3,40.0,1,4.0,4,7,5,42,Average
8,3,14,37.5,1,5.0,4,7,2,39,Weak
23,11,1,47.8,0,4.0,7,7,3,40,Weak
12,9,8,75.0,4,2.0,9,6,3,70,Average
20,18,7,90.0,5,7.0,3,0,4,70,Average
7,4,12,57.1,3,9.0,10,6,5,71,Good
2,1,13,50.0,3,5.0,7,9,5,64,Average
3,2,8,66.7,4,8.0,3,7,3,68,Average
10,7,9,70.0,2,4.0,3,6,3,56,Average
23,3,10,13.0,2,11.0,10,2,2,42,Average
3,3,7,100.0,3,10.0,3,8,0,79,Good
10,1,2,10.0,1,15.0,7,4,4,40,Weak
4,2,6,50.0,0,0.0,9,2,0,31,Weak
23,15,3,65.2,3,13.0,7,5,4,73,Good
17,7,6,41.2,4,5.0,4,1,2,48,Average
19,4,9,21.1,0,1.0,3,10,4,26,Weak
18,17,3,94.4,1,11.0,9,7,5,76,Good
17,1,3,5.9,1,2.0,7,3,3,23,Weak
19,4,12,21.1,4,2.0,3,8,3,44,Average
2,2,5,100.0,3,15.0,3,0,2,78,Good
21,16,2,76.2,3,3.0,7,4,2,64,Average
19,1,10,5.3,3,8.0,3,7,0,38,Weak
19,15,10,78.9,1,3.0,4,0,0,45,Average
11,11,12,100.0,4,1.0,3,7,4,75,Good
20,2,11,10.0,0,0.0,9,9,5,27,Weak
10,4,14,40.0,0,0.0,9,6,0,31,Weak
3,1,8,33.3,4,7.0,9,2,1,52,Average
22,3,4,13.6,3,6.0,3,8,3,43,Average
7,1,12,14.3,1,0.0,4,3,4,23,Weak
4,0,3,0.0,2,5.0,4,8,4,33,Weak
16,3,4,18.8,0,4.0,9,6,4,31,Weak
7,3,12,42.9,4,9.0,10,1,0,57,Average
21,10,13,47.6,4,15.0,4,1,1,60,Average
12,3,5,25.0,1,11.0,9,0,2,38,Weak
2,0,10,0.0,2,14.0,7,0,0,33,Weak
23,4,13,17.4,1,3.0,10,3,2,31,Weak
13,11,11,84.6,2,3.0,3,0,2,54,Average
8,1,0,12.5,1,12.0,10,10,5,48,Average
17,16,9,94.1,1,4.0,7,10,1,66,Average
14,8,2,57.1,2,13.0,4,1,5,58,Average
2,2,12,100.0,5,7.0,3,3,4,77,Good
19,12,1,63.2,4,3.0,10,8,4,70,Average
11,3,14,27.3,1,13.0,10,7,4,51,Average
18,11,2,61.1,5,8.0,3,6,5,66,Average
22,6,6,27.3,1,12.0,7,10,1,47,Average
16,2,3,12.5,5,7.0,9,6,2,49,Average
17,4,12,23.5,1,2.0,7,7,3,34,Weak
7,2,5,28.6,3,10.0,3,5,5,52,Average
7,1,11,14.3,1,1.0,4,5,0,22,Weak
11,0,1,0.0,4,10.0,4,3,2,39,Weak
21,20,6,95.2,1,6.0,4,5,1,60,Average
14,7,13,50.0,5,12.0,10,10,1,73,Good
10,4,13,40.0,0,13.0,4,4,4,41,Average
19,18,3,94.7,3,6.0,9,1,1,73,Good
21,4,5,19.0,0,14.0,10,6,4,42,Average
22,9,6,40.9,5,1.0,9,8,5,59,Average
8,7,8,87.5,2,1.0,9,10,4,71,Good
18,12,8,66.7,4,15.0,3,5,1,71,Good
15,6,1,40.0,5,9.0,3,8,0,56,Average
12,3,11,25.0,3,7.0,9,2,2,48,Average
11,0,3,0.0,0,2.0,9,4,3,18,Weak
4,0,4,0.0,1,4.0,9,4,4,27,Weak
8,1,12,12.5,1,10.0,7,3,2,33,Weak
14,11,10,78.6,5,13.0,7,7,1,79,Good
22,14,5,63.6,5,14.0,3,9,5,76,Good
21,9,13,42.9,2,6.0,4,3,5,47,Average
6,5,5,83.3,5,7.0,7,1,3,71,Good
17,2,8,11.8,1,2.0,3,9,4,29,Weak
3,0,3,0.0,4,1.0,3,9,5,38,Weak
17,7,2,41.2,2,7.0,3,10,2,50,Average
9,9,7,100.0,1,9.0,4,2,0,61,Average
12,7,8,58.3,1,1.0,10,7,3,50,Average
18,16,12,88.9,2,6.0,9,7,2,72,Good
11,2,5,18.2,2,10.0,10,8,4,51,Average
20,17,13,85.0,1,12.0,4,8,4,68,Average
14,1,9,7.1,2,15.0,7,10,2,49,Average
24,5,1,20.8,0,5.0,10,5,2,30,Weak
16,8,11,50.0,5,6.0,4,0,2,52,Average
8,0,8,0.0,2,13.0,9,2,3,39,Weak
19,17,5,89.5,0,11.0,9,9,3,68,Average
11,10,7,90.9,3,4.0,10,9,3,80,Good
14,8,4,57.1,5,10.0,10,0,3,66,Average
5,1,9,20.0,2,2.0,9,4,5,40,Weak
4,0,8,0.0,5,7.0,7,2,1,37,Weak
15,9,6,60.0,3,4.0,10,3,1,60,Average
6,3,4,50.0,4,15.0,9,7,4,75,Good
24,18,5,75.0,1,0.0,4,5,5,50,Average
21,13,7,61.9,0,13.0,9,5,3,55,Average
18,2,7,11.1,2,4.0,7,4,2,33,Weak
18,2,4,11.1,5,0.0,4,7,2,37,Weak
15,12,8,80.0,4,10.0,7,7,2,78,Good
3,0,3,0.0,4,10.0,9,0,0,39,Weak
11,11,7,100.0,5,2.0,10,1,3,76,Good
13,1,1,7.7,2,0.0,7,3,1,26,Weak
23,17,7,73.9,1,1.0,3,4,1,45,Average
7,7,11,100.0,5,6.0,10,10,3,89,Excellent
13,6,12,46.2,3,2.0,7,9,5,59,Average
9,0,10,0.0,1,11.0,4,7,1,29,Weak
5,5,11,100.0,1,1.0,9,0,5,61,Average
4,0,0,0.0,5,12.0,4,1,3,40,Weak
10,5,5,50.0,0,13.0,4,5,5,47,Average
3,3,9,100.0,0,11.0,10,6,2,69,Average
3,2,12,66.7,4,15.0,10,7,5,84,Good
10,0,8,0.0,0,15.0,7,1,3,26,Weak
6,5,12,83.3,1,0.0,4,9,4,56,Average
14,2,4,14.3,5,5.0,10,5,3,49,Average
2,2,2,100.0,2,12.0,3,6,2,75,Good
8,5,1,62.5,4,5.0,9,0,3,62,Average
12,3,8,25.0,2,11.0,7,9,5,54,Average
24,10,9,41.7,0,12.0,10,5,4,48,Average
16,2,4,12.5,1,15.0,7,2,0,35,Weak
22,22,11,100.0,4,5.0,10,3,4,82,Good
9,2,11,22.2,0,5.0,3,3,5,25,Weak
12,4,5,33.3,3,0.0,9,0,4,44,Average
11,6,3,54.5,2,4.0,3,10,2,53,Average
22,15,11,68.2,2,4.0,9,8,2,62,Average
24,12,10,50.0,5,7.0,3,9,4,63,Average
24,12,2,50.0,3,6.0,10,3,3,60,Average
19,11,3,57.9,3,13.0,9,6,2,71,Good
13,12,7,92.3,2,12.0,3,5,2,71,Good
14,5,7,35.7,2,11.0,10,5,2,54,Average
24,20,2,83.3,4,0.0,4,6,0,63,Average
8,7,14,87.5,0,7.0,7,4,0,53,Average
9,9,5,100.0,1,11.0,3,8,0,68,Average
22,21,5,95.5,3,3.0,3,0,2,64,Average
10,8,0,80.0,3,6.0,4,2,3,65,Average
7,1,13,14.3,0,11.0,7,9,2,35,Weak
14,11,3,78.6,4,12.0,7,9,5,84,Good
9,7,14,77.8,3,13.0,10,8,1,81,Good
22,6,7,27.3,1,6.0,3,4,2,32,Weak
22,15,13,68.2,4,6.0,9,5,1,68,Average
9,2,2,22.2,5,6.0,3,0,1,39,Weak
14,7,2,50.0,2,10.0,4,3,3,52,Average
24,19,12,79.2,1,6.0,3,7,1,55,Average
19,3,12,15.8,1,6.0,3,3,1,25,Weak
6,2,8,33.3,3,2.0,7,5,4,49,Average
15,12,0,80.0,0,7.0,10,1,4,54,Average
16,7,14,43.8,2,3.0,9,5,1,48,Average
17,17,5,100.0,0,8.0,10,7,0,65,Average
2,0,14,0.0,0,14.0,7,6,1,28,Weak
8,6,13,75.0,2,12.0,3,6,3,66,Average
21,17,12,81.0,4,7.0,4,10,5,78,Good
7,7,10,100.0,5,15.0,10,2,0,87,Excellent
8,1,10,12.5,0,15.0,3,3,0,26,Weak
9,9,7,100.0,1,7.0,3,6,3,65,Average
6,2,0,33.3,2,12.0,10,5,5,57,Average
5,2,5,40.0,3,5.0,3,10,3,55,Average
9,3,10,33.3,5,14.0,10,0,5,62,Average
22,14,12,63.6,4,5.0,9,1,3,63,Average
2,1,8,50.0,3,4.0,9,3,0,54,Average
8,4,10,50.0,0,2.0,7,5,2,36,Weak
3,0,0,0.0,0,13.0,3,9,4,29,Weak
14,14,7,100.0,0,4.0,7,5,3,59,Average
7,1,7,14.3,3,13.0,10,4,1,52,Average
20,1,13,5.0,1,1.0,10,1,1,21,Weak
15,9,4,60.0,1,8.0,7,4,3,52,Average
20,8,3,40.0,4,6.0,10,5,2,59,Average
16,10,5,62.5,4,7.0,9,6,3,70,Average
12,11,2,91.7,2,2.0,3,6,2,62,Average
21,2,8,9.5,5,1.0,9,4,2,40,Weak
12,3,9,25.0,4,5.0,9,1,3,48,Average
23,12,12,52.2,4,7.0,7,1,0,56,Average
24,19,14,79.2,5,12.0,9,1,2,76,Good
15,9,1,60.0,1,7.0,10,6,2,55,Average
17,6,3,35.3,4,3.0,7,9,4,57,Average
7,4,4,57.1,5,4.0,4,9,4,64,Average
20,20,3,100.0,5,9.0,10,3,2,84,Good
17,8,12,47.1,3,6.0,10,0,1,54,Average
22,20,2,90.9,4,14.0,9,6,1,86,Excellent
8,7,0,87.5,5,7.0,9,0,1,72,Good
20,6,12,30.0,5,9.0,3,6,1,51,Average
12,3,14,25.0,5,1.0,7,4,4,46,Average
6,5,3,83.3,4,3.0,3,9,0,68,Average
5,1,4,20.0,2,13.0,7,6,0,46,Average
14,5,7,35.7,4,5.0,10,8,3,60,Average
9,2,7,22.2,2,6.0,4,4,1,36,Weak
4,3,14,75.0,4,9.0,10,9,4,82,Good
11,3,6,27.3,4,0.0,3,5,4,43,Average
17,11,0,64.7,5,8.0,3,6,4,67,Average
9,9,6,100.0,3,5.0,10,3,2,78,Good
23,19,8,82.6,2,2.0,3,4,2,56,Average
19,18,7,94.7,0,6.0,9,9,2,64,Average
13,0,7,0.0,3,7.0,9,4,1,39,Weak
23,10,13,43.5,3,2.0,4,0,3,44,Average
11,2,12,18.2,3,8.0,3,4,5,45,Average
5,5,3,100.0,4,11.0,4,4,1,80,Good
2,2,5,100.0,5,4.0,3,4,0,71,Good
23,7,10,30.4,0,15.0,9,0,3,39,Weak
24,14,6,58.3,2,9.0,10,1,2,57,Average
19,12,6,63.2,4,12.0,10,3,4,74,Good
4,2,2,50.0,4,1.0,10,4,5,60,Average
8,4,3,50.0,4,12.0,9,0,5,66,Average
2,0,11,0.0,4,5.0,10,4,2,41,Average
3,1,12,33.3,5,11.0,9,3,5,61,Average
7,2,11,28.6,5,12.0,9,0,0,52,Average
15,13,4,86.7,3,4.0,10,2,2,71,Good
3,3,2,100.0,1,4.0,4,3,1,58,Average
24,18,2,75.0,3,0.0,7,1,5,61,Average
12,0,5,0.0,4,9.0,10,8,3,50,Average
8,7,7,87.5,0,12.0,4,0,2,53,Average
13,5,13,38.5,4,6.0,4,6,0,51,Average
20,8,13,40.0,3,2.0,3,7,4,50,Average
9,9,0,100.0,5,5.0,4,8,3,80,Good
3,3,10,100.0,1,6.0,7,6,5,70,Average
3,0,4,0.0,5,14.0,10,5,2,51,Average
21,7,2,33.3,2,1.0,3,8,0,37,Weak
4,3,8,75.0,3,5.0,9,9,2,73,Good
16,9,0,56.2,3,10.0,9,2,3,64,Average
10,2,5,20.0,3,3.0,10,8,1,48,Average
19,10,8,52.6,5,14.0,9,5,0,69,Average
3,3,4,100.0,1,14.0,3,1,4,68,Average
22,5,8,22.7,4,6.0,7,6,3,51,Average
18,14,6,77.8,5,11.0,10,10,2,84,Good
12,9,11,75.0,1,12.0,10,1,3,62,Average
6,6,2,100.0,1,10.0,9,0,4,69,Average
24,7,0,29.2,2,2.0,10,10,0,46,Average
8,1,7,12.5,4,0.0,9,6,2,42,Average
13,7,3,53.8,5,5.0,3,2,1,53,Average
11,6,10,54.5,4,2.0,10,8,0,62,Average
7,3,1,42.9,4,4.0,3,4,0,48,Average
11,9,8,81.8,2,10.0,4,3,2,64,Average
5,4,14,80.0,3,9.0,4,3,3,69,Average
2,0,1,0.0,1,3.0,9,6,3,27,Weak
8,7,4,87.5,2,0.0,3,1,4,55,Average
4,1,12,25.0,1,3.0,9,3,2,33,Weak
11,4,8,36.4,0,7.0,10,3,3,38,Weak
21,0,2,0.0,5,12.0,9,0,4,45,Average
5,2,3,40.0,4,5.0,4,8,3,56,Average
2,2,11,100.0,3,4.0,10,0,5,77,Good
4,2,12,50.0,0,8.0,4,10,1,43,Average
13,9,5,69.2,0,1.0,9,1,4,43,Average
8,0,7,0.0,0,3.0,7,3,4,17,Weak
13,8,11,61.5,4,0.0,3,1,3,52,Average
2,1,2,50.0,1,8.0,3,4,0,41,Average
9,7,3,77.8,1,7.0,3,6,3,56,Average
11,11,11,100.0,5,9.0,10,0,5,84,Good
11,6,2,54.5,5,9.0,10,5,3,69,Average
14,1,11,7.1,4,6.0,7,8,0,44,Average
19,9,7,47.4,1,13.0,10,5,1,54,Average
12,1,14,8.3,3,14.0,3,1,3,42,Average
21,9,0,42.9,1,1.0,10,7,4,45,Average
14,0,14,0.0,5,14.0,4,2,2,42,Average
7,5,3,71.4,0,3.0,3,0,5,40,Weak
7,2,0,28.6,4,3.0,9,4,4,51,Average
9,2,10,22.2,3,8.0,4,2,1,42,Average
15,0,7,0.0,4,0.0,4,0,1,25,Weak
7,7,12,100.0,2,5.0,9,8,5,79,Good
23,20,1,87.0,0,3.0,4,6,3,51,Average
13,11,1,84.6,4,7.0,9,10,5,85,Good
21,1,8,4.8,3,13.0,3,5,5,46,Average
17,6,13,35.3,2,14.0,3,4,2,49,Average
9,9,6,100.0,2,3.0,4,9,0,68,Average
7,4,11,57.1,2,8.0,9,0,5,57,Average
19,2,13,10.5,2,7.0,4,3,3,33,Weak
9,1,13,11.1,1,6.0,3,8,0,27,Weak
7,2,7,28.6,1,10.0,9,3,3,42,Average
23,23,10,100.0,1,15.0,7,9,0,77,Good
13,2,7,15.4,0,6.0,7,3,1,23,Weak
3,3,10,100.0,5,1.0,4,4,2,71,Good
13,9,8,69.2,1,14.0,3,9,2,62,Average
12,11,7,91.7,0,14.0,3,2,3,59,Average
21,18,6,85.7,0,5.0,9,10,5,63,Average
18,6,9,33.3,5,8.0,3,0,2,46,Average
6,5,11,83.3,2,13.0,4,2,4,68,Average
5,1,13,20.0,1,8.0,10,6,5,43,Average
15,4,9,26.7,2,7.0,4,6,4,44,Average
3,0,1,0.0,0,14.0,9,10,1,34,Weak
9,1,8,11.1,1,13.0,4,10,4,41,Average
5,0,4,0.0,1,8.0,10,7,1,32,Weak
2,0,0,0.0,4,2.0,10,7,2,41,Average
23,2,1,8.7,0,7.0,7,3,3,23,Weak
4,1,8,25.0,2,10.0,9,8,1,50,Average
2,0,14,0.0,4,4.0,7,7,0,38,Weak
23,1,7,4.3,5,8.0,10,0,5,45,Average
6,6,6,100.0,3,10.0,4,9,4,85,Good
20,1,1,5.0,1,1.0,10,3,0,22,Weak
2,0,10,0.0,2,9.0,9,5,2,37,Weak
5,0,0,0.0,1,11.0,9,5,1,32,Weak
4,0,12,0.0,3,3.0,4,9,5,39,Weak
18,10,12,55.6,1,8.0,10,2,5,53,Average
16,14,14,87.5,3,11.0,9,4,4,81,Good
12,9,4,75.0,3,0.0,10,0,2,60,Average
7,4,2,57.1,5,10.0,10,3,0,66,Average
4,0,4,0.0,2,4.0,3,0,1,20,Weak
15,12,11,80.0,5,6.0,10,6,0,74,Good
7,0,3,0.0,2,10.0,10,9,4,45,Average
15,10,13,66.7,4,0.0,4,5,0,56,Average
17,7,2,41.2,3,0.0,10,10,4,58,Average
21,19,0,90.5,4,7.0,7,10,5,85,Good
13,4,3,30.8,2,15.0,4,0,1,44,Average
2,1,11,50.0,4,0.0,4,5,4,53,Average
8,3,9,37.5,2,12.0,4,5,5,53,Average
21,11,5,52.4,2,1.0,3,4,2,43,Average
14,14,9,100.0,2,7.0,9,9,2,79,Good
16,12,9,75.0,4,6.0,9,4,1,70,Average
12,5,8,41.7,3,7.0,9,0,2,53,Average
5,2,7,40.0,0,1.0,7,6,5,35,Weak
22,16,1,72.7,4,12.0,4,2,3,70,Average
19,6,3,31.6,4,4.0,9,3,1,50,Average
24,4,7,16.7,0,12.0,10,5,3,37,Weak
21,10,2,47.6,5,10.0,3,7,4,63,Average
8,0,7,0.0,3,8.0,4,3,0,33,Weak
7,1,1,14.3,0,4.0,10,4,4,28,Weak
7,3,11,42.9,2,10.0,10,0,1,50,Average
23,19,1,82.6,5,15.0,10,4,1,83,Good
14,11,1,78.6,1,14.0,3,6,2,62,Average
12,3,9,25.0,5,14.0,7,6,3,60,Average
24,10,3,41.7,2,3.0,3,3,5,43,Average
15,2,5,13.3,1,9.0,10,0,1,31,Weak
22,17,4,77.3,2,6.0,7,6,1,63,Average
24,6,3,25.0,3,15.0,4,7,2,56,Average
3,3,11,100.0,4,15.0,3,0,5,83,Good
10,9,10,90.0,5,13.0,9,5,5,88,Excellent
18,13,3,72.2,1,2.0,10,1,2,50,Average
20,6,10,30.0,5,5.0,10,4,4,55,Average
5,5,10,100.0,3,11.0,10,7,5,91,Excellent
9,6,8,66.7,0,11.0,10,7,5,60,Average
14,9,8,64.3,5,5.0,9,7,4,71,Good
20,17,14,85.0,2,2.0,10,8,3,69,Average
4,4,6,100.0,3,2.0,10,2,5,77,Good
15,1,5,6.7,4,10.0,7,9,1,50,Average
8,7,8,87.5,0,7.0,9,3,2,56,Average
6,5,12,83.3,1,7.0,10,4,4,64,Average
13,2,10,15.4,4,13.0,3,8,0,50,Average
11,3,1,27.3,1,0.0,9,3,3,32,Weak
16,12,6,75.0,0,12.0,4,0,5,51,Average
9,2,11,22.2,0,4.0,3,7,1,24,Weak
20,9,3,45.0,4,14.0,3,7,4,66,Average
3,2,14,66.7,0,15.0,3,6,2,53,Average
21,14,12,66.7,0,8.0,10,1,5,51,Average
2,2,12,100.0,3,5.0,9,6,3,81,Good
18,2,1,11.1,0,3.0,3,2,0,12,Weak
9,2,8,22.2,3,2.0,9,6,4,48,Average
10,10,7,100.0,3,15.0,9,5,0,87,Excellent
2,1,9,50.0,3,3.0,7,8,1,57,Average
18,4,12,22.2,2,7.0,9,10,5,52,Average
5,1,5,20.0,4,7.0,10,2,5,52,Average
17,6,8,35.3,3,10.0,7,1,0,50,Average
18,10,10,55.6,2,13.0,9,6,2,64,Average
21,6,11,28.6,0,8.0,7,10,0,36,Weak
18,11,11,61.1,1,12.0,4,1,1,48,Average
8,4,5,50.0,0,9.0,10,5,5,49,Average
18,11,14,61.1,0,6.0,7,4,1,42,Average
20,3,0,15.0,1,2.0,9,3,3,29,Weak
9,6,7,66.7,1,3.0,9,7,4,56,Average
4,4,9,100.0,0,6.0,9,3,5,63,Average
22,3,0,13.6,1,0.0,9,5,2,27,Weak
5,1,6,20.0,3,5.0,9,9,4,53,Average
15,11,8,73.3,1,7.0,7,4,2,55,Average
7,4,9,57.1,1,7.0,9,0,0,45,Average
4,3,1,75.0,0,13.0,7,9,1,60,Average
19,11,4,57.9,0,15.0,4,3,4,49,Average
5,4,3,80.0,0,11.0,9,8,4,64,Average
17,10,9,58.8,2,1.0,10,8,3,58,Average
17,1,4,5.9,3,6.0,9,5,4,44,Average
3,3,8,100.0,4,11.0,9,0,4,84,Good
5,2,10,40.0,3,9.0,10,10,2,65,Average
20,1,11,5.0,3,7.0,4,7,1,39,Weak
13,5,2,38.5,5,6.0,3,4,5,53,Average
4,2,13,50.0,1,6.0,4,9,5,50,Average
24,2,2,8.3,4,9.0,9,8,0,49,Average
8,8,0,100.0,5,2.0,10,8,4,84,Good
2,0,0,0.0,3,8.0,7,1,0,34,Weak
23,7,3,30.4,5,3.0,9,6,5,55,Average
2,1,13,50.0,0,10.0,3,3,3,39,Weak
14,12,3,85.7,5,13.0,9,0,4,80,Good
24,18,10,75.0,3,8.0,9,3,4,72,Good
15,12,6,80.0,1,6.0,7,1,3,55,Average
15,3,0,20.0,0,15.0,9,1,1,34,Weak
10,9,6,90.0,4,10.0,7,7,4,84,Good
4,4,0,100.0,2,6.0,7,5,3,73,Good
15,7,7,46.7,1,0.0,9,4,3,41,Average
22,12,8,54.5,2,0.0,9,2,1,46,Average
4,0,7,0.0,5,3.0,4,8,0,35,Weak
22,17,4,77.3,2,3.0,4,6,3,59,Average
11,11,11,100.0,0,11.0,7,6,2,66,Average
14,7,8,50.0,1,8.0,4,2,3,43,Average
5,3,3,60.0,0,15.0,4,1,2,46,Average
16,8,6,50.0,4,8.0,4,1,5,58,Average
6,0,1,0.0,4,14.0,4,0,4,42,Average
8,5,13,62.5,5,8.0,7,10,2,72,Good
18,13,11,72.2,3,5.0,7,4,4,67,Average
3,3,4,100.0,4,11.0,9,7,3,90,Excellent
12,12,10,100.0,2,7.0,4,10,3,76,Good
15,7,10,46.7,3,4.0,10,10,3,64,Average
5,5,9,100.0,0,7.0,7,3,5,62,Average
8,4,0,50.0,3,10.0,9,5,1,63,Average
9,6,13,66.7,3,6.0,3,5,2,61,Average
17,10,14,58.8,0,11.0,3,0,1,39,Weak
24,24,14,100.0,3,15.0,7,8,3,91,Excellent
21,16,14,76.2,4,6.0,4,6,5,71,Good
6,0,13,0.0,2,4.0,7,4,3,30,Weak
2,0,11,0.0,3,6.0,3,6,1,34,Weak
3,1,0,33.3,1,13.0,7,8,5,52,Average
15,8,6,53.3,1,2.0,9,0,4,42,Average
5,4,3,80.0,0,15.0,9,7,2,65,Average
7,3,3,42.9,1,6.0,4,9,0,42,Average
21,11,12,52.4,4,13.0,4,7,2,67,Average
22,21,12,95.5,5,12.0,7,6,4,87,Excellent
21,7,7,33.3,3,12.0,7,0,3,53,Average
7,3,11,42.9,3,14.0,9,8,1,67,Average
16,9,1,56.2,3,2.0,4,8,0,54,Average
16,7,3,43.8,2,9.0,9,5,5,58,Average
6,6,12,100.0,2,1.0,10,6,2,71,Good
14,14,6,100.0,3,4.0,4,6,4,76,Good
14,7,8,50.0,4,0.0,10,1,2,53,Average
11,5,6,45.5,2,10.0,4,2,0,46,Average
19,11,3,57.9,3,9.0,4,8,2,64,Average
17,3,12,17.6,2,11.0,9,10,4,53,Average
14,6,11,42.9,1,2.0,9,2,2,38,Weak
18,4,10,22.2,1,5.0,7,4,3,34,Weak
19,2,5,10.5,0,10.0,4,10,2,30,Weak
15,1,9,6.7,2,13.0,3,1,2,34,Weak
8,5,14,62.5,4,14.0,10,2,1,72,Good
19,0,9,0.0,4,1.0,10,0,1,32,Weak
18,12,7,66.7,5,6.0,10,2,1,66,Average
24,10,4,41.7,0,0.0,7,6,4,34,Weak
5,2,7,40.0,4,13.0,10,3,2,64,Average
11,9,5,81.8,4,1.0,7,10,4,75,Good
23,12,9,52.2,2,13.0,3,9,1,59,Average
13,10,0,76.9,1,2.0,3,9,1,52,Average
23,17,2,73.9,2,0.0,4,7,5,58,Average
2,0,11,0.0,4,14.0,4,7,5,50,Average
2,0,5,0.0,5,7.0,10,5,2,44,Average
20,11,6,55.0,3,6.0,4,10,1,61,Average
10,10,8,100.0,3,10.0,9,1,4,82,Good
13,2,6,15.4,3,4.0,4,7,0,39,Weak
11,1,11,9.1,0,11.0,9,1,2,27,Weak
11,11,3,100.0,3,6.0,7,3,3,77,Good
23,23,11,100.0,0,4.0,3,2,4,53,Average
4,0,3,0.0,5,6.0,7,6,0,39,Weak
19,8,5,42.1,5,0.0,3,8,0,48,Average
22,14,8,63.6,3,4.0,10,0,1,58,Average
17,3,13,17.6,2,9.0,9,6,0,43,Average
11,3,3,27.3,4,2.0,10,2,3,48,Average
5,2,8,40.0,3,1.0,10,0,5,50,Average
17,11,0,64.7,4,10.0,4,4,1,65,Average
12,4,1,33.3,3,6.0,9,6,2,54,Average
5,2,11,40.0,1,2.0,3,2,1,30,Weak
10,3,10,30.0,0,11.0,10,4,0,37,Weak
24,18,5,75.0,1,12.0,9,10,4,71,Good
8,1,9,12.5,3,0.0,9,3,1,36,Weak
6,1,5,16.7,2,3.0,10,10,3,45,Average
17,4,4,23.5,3,5.0,10,9,4,55,Average
6,6,6,100.0,1,11.0,10,4,5,76,Good
23,22,4,95.7,5,1.0,3,6,1,69,Average
21,11,12,52.4,2,12.0,3,7,3,58,Average
24,3,6,12.5,5,5.0,10,5,5,50,Average
22,17,4,77.3,2,2.0,4,4,2,55,Average
7,3,8,42.9,2,13.0,7,3,0,52,Average
6,5,11,83.3,3,1.0,3,1,1,57,Average
9,3,4,33.3,1,2.0,9,0,4,34,Weak
12,12,14,100.0,1,15.0,10,3,4,78,Good
22,18,6,81.8,2,8.0,10,8,1,72,Good
18,4,9,22.2,4,7.0,7,2,1,46,Average
16,12,14,75.0,0,10.0,9,1,1,51,Average
22,6,6,27.3,2,10.0,7,3,1,44,Average
16,5,2,31.2,4,9.0,7,6,4,58,Average
10,2,11,20.0,4,0.0,7,2,5,42,Average
11,8,0,72.7,2,8.0,10,2,0,61,Average
13,3,6,23.1,0,4.0,4,1,4,22,Weak
4,3,14,75.0,0,12.0,7,3,4,56,Average
19,11,6,57.9,2,8.0,9,2,3,57,Average
17,13,10,76.5,4,1.0,7,9,5,73,Good
18,18,7,100.0,0,14.0,3,9,0,66,Average
14,0,3,0.0,5,4.0,4,4,4,36,Weak
20,20,4,100.0,4,4.0,9,0,0,73,Good
23,2,7,8.7,0,14.0,9,0,5,31,Weak
15,8,1,53.3,2,12.0,9,3,2,59,Average
12,4,6,33.3,1,13.0,10,5,0,47,Average
4,3,6,75.0,5,10.0,9,5,4,78,Good
19,14,12,73.7,3,14.0,7,3,4,75,Good
22,19,1,86.4,1,1.0,4,3,2,51,Average
18,7,12,38.9,1,9.0,4,3,1,39,Weak
21,20,6,95.2,3,4.0,10,5,0,75,Good
21,7,9,33.3,0,6.0,7,7,5,38,Weak
20,4,8,20.0,1,3.0,9,0,1,27,Weak
13,5,4,38.5,0,3.0,3,5,5,31,Weak
4,2,13,50.0,3,7.0,3,7,3,58,Average
2,2,3,100.0,4,14.0,4,7,4,89,Excellent
6,5,0,83.3,2,10.0,3,6,4,68,Average
11,2,11,18.2,0,5.0,9,5,5,31,Weak
19,6,9,31.6,2,6.0,9,7,0,47,Average
12,12,13,100.0,5,8.0,7,4,5,84,Good
2,1,6,50.0,1,3.0,4,6,0,39,Weak
6,1,0,16.7,0,8.0,7,3,5,30,Weak
24,24,0,100.0,0,11.0,3,4,1,59,Average
24,11,6,45.8,4,3.0,7,1,5,54,Average
10,10,3,100.0,0,9.0,3,3,0,55,Average
20,19,13,95.0,3,11.0,3,1,2,73,Good
18,17,1,94.4,5,8.0,3,2,3,74,Good
23,13,13,56.5,3,4.0,3,4,5,57,Average
22,18,3,81.8,2,8.0,7,5,0,65,Average
16,16,1,100.0,1,12.0,7,10,0,75,Good
11,3,4,27.3,0,3.0,9,0,3,26,Weak
16,0,2,0.0,0,9.0,7,9,0,25,Weak
9,3,6,33.3,5,10.0,3,3,4,53,Average
10,7,4,70.0,0,5.0,3,7,0,43,Average
16,9,7,56.2,0,6.0,9,7,5,49,Average
15,1,8,6.7,4,14.0,10,10,3,60,Average
15,8,0,53.3,2,5.0,4,1,5,48,Average
10,1,1,10.0,2,9.0,4,10,0,39,Weak
11,6,2,54.5,4,2.0,4,0,1,49,Average
2,1,2,50.0,3,14.0,4,9,2,67,Average
15,10,1,66.7,5,9.0,4,7,0,67,Average
15,6,4,40.0,2,12.0,7,5,0,52,Average
23,9,8,39.1,4,9.0,9,4,1,59,Average
13,9,4,69.2,5,5.0,9,1,4,67,Average
12,9,4,75.0,2,5.0,10,8,4,69,Average
3,3,7,100.0,1,11.0,4,8,0,69,Average
6,2,8,33.3,5,13.0,7,10,0,63,Average
9,4,4,44.4,1,2.0,4,8,3,41,Average
10,3,3,30.0,0,13.0,3,10,2,40,Weak
10,5,6,50.0,3,13.0,4,9,4,68,Average
11,1,0,9.1,5,1.0,4,4,1,34,Weak
19,8,7,42.1,0,1.0,7,7,2,34,Weak
5,1,14,20.0,5,11.0,3,2,1,45,Average
9,5,5,55.6,4,13.0,9,8,1,73,Good
5,5,1,100.0,5,6.0,10,6,4,86,Excellent
9,9,10,100.0,2,10.0,10,4,2,78,Good
17,8,1,47.1,1,15.0,3,6,3,52,Average
3,0,2,0.0,3,5.0,3,3,0,29,Weak
9,2,2,22.2,0,3.0,10,6,3,31,Weak
2,0,13,0.0,5,15.0,10,5,2,52,Average
23,18,14,78.3,3,4.0,7,3,5,68,Average
18,18,8,100.0,2,7.0,4,10,2,75,Good
7,4,9,57.1,3,7.0,7,0,0,55,Average
6,1,9,16.7,4,8.0,7,8,4,54,Average
4,0,9,0.0,3,4.0,10,2,0,34,Weak
12,12,8,100.0,5,10.0,7,2,5,84,Good
19,6,14,31.6,5,11.0,3,1,2,50,Average
15,1,10,6.7,5,3.0,9,1,4,40,Weak
22,4,1,18.2,3,7.0,9,1,3,45,Average
9,2,5,22.2,4,0.0,4,9,2,44,Average
8,5,14,62.5,1,3.0,3,10,3,50,Average
12,11,6,91.7,0,15.0,3,6,1,62,Average
6,1,3,16.7,2,8.0,10,0,0,37,Weak
24,17,13,70.8,5,9.0,7,9,4,77,Good
6,0,9,0.0,0,14.0,7,6,5,32,Weak
13,0,8,0.0,3,11.0,10,5,5,49,Average
14,0,6,0.0,1,12.0,3,10,1,32,Weak
3,3,1,100.0,2,11.0,4,4,2,73,Good
12,7,5,58.3,0,7.0,10,3,2,45,Average
12,10,6,83.3,4,10.0,7,8,4,82,Good
7,0,13,0.0,4,4.0,3,5,3,35,Weak
4,0,4,0.0,4,14.0,9,7,4,54,Average
3,3,2,100.0,4,2.0,3,7,5,77,Good
2,0,6,0.0,1,14.0,9,9,2,40,Weak
13,2,14,15.4,3,14.0,9,3,3,53,Average
4,2,7,50.0,0,2.0,10,0,3,35,Weak
24,15,5,62.5,2,11.0,7,5,5,65,Average
7,1,10,14.3,3,15.0,4,7,2,52,Average
17,8,9,47.1,4,9.0,10,8,1,67,Average
17,12,4,70.6,0,5.0,7,2,2,44,Average
13,6,14,46.2,4,14.0,9,8,3,72,Good
22,8,8,36.4,2,8.0,3,9,5,52,Average
4,0,0,0.0,5,1.0,9,8,4,42,Average
7,3,6,42.9,3,3.0,7,8,0,53,Average
7,6,13,85.7,3,10.0,4,10,3,79,Good
5,3,5,60.0,4,7.0,9,7,0,67,Average
8,8,8,100.0,4,3.0,3,4,2,72,Good
9,1,9,11.1,0,12.0,9,4,5,34,Weak
19,0,10,0.0,3,1.0,10,8,5,42,Average
8,4,13,50.0,0,3.0,7,2,0,32,Weak
22,4,2,18.2,2,7.0,3,6,0,35,Weak
19,11,7,57.9,4,0.0,7,6,4,60,Average
22,20,8,90.9,5,6.0,7,7,2,78,Good
4,1,2,25.0,1,14.0,7,4,2,43,Average
24,13,10,54.2,2,15.0,4,8,5,66,Average
16,11,1,68.8,3,13.0,9,0,5,73,Good
24,3,6,12.5,2,5.0,4,8,5,39,Weak
10,9,4,90.0,1,1.0,7,8,4,62,Average
23,4,2,17.4,1,13.0,7,9,5,47,Average
15,12,12,80.0,2,5.0,9,10,4,72,Good
3,2,3,66.7,3,11.0,9,3,5,73,Good
11,1,3,9.1,5,1.0,10,0,3,38,Weak
5,4,12,80.0,3,10.0,9,7,0,76,Good
23,4,13,17.4,2,9.0,9,0,4,41,Average
9,5,0,55.6,3,14.0,10,3,5,72,Good
7,7,4,100.0,4,1.0,4,7,1,73,Good
14,14,10,100.0,2,6.0,4,6,2,70,Average
11,10,11,90.9,2,15.0,7,6,3,79,Good
4,2,14,50.0,1,6.0,7,8,3,50,Average
20,11,8,55.0,5,10.0,9,1,4,66,Average
21,6,0,28.6,5,2.0,3,8,2,46,Average
19,18,13,94.7,1,11.0,3,6,5,69,Average
16,8,2,50.0,2,4.0,9,4,4,53,Average
11,9,1,81.8,1,9.0,10,5,5,68,Average
14,5,10,35.7,5,14.0,4,5,3,60,Average
13,10,9,76.9,0,10.0,4,6,0,51,Average
5,1,0,20.0,1,7.0,7,3,5,36,Weak
3,2,2,66.7,1,3.0,7,2,0,45,Average
7,0,8,0.0,3,5.0,3,1,1,28,Weak
12,1,3,8.3,1,13.0,7,3,1,33,Weak
5,2,10,40.0,3,3.0,10,2,1,50,Average
4,2,6,50.0,4,10.0,9,5,4,68,Average
21,15,8,71.4,4,7.0,10,10,2,78,Good
10,3,7,30.0,0,5.0,9,1,1,28,Weak
15,0,5,0.0,0,11.0,10,3,0,24,Weak
14,4,5,28.6,0,5.0,4,0,1,21,Weak
18,8,10,44.4,5,4.0,3,10,4,59,Average
19,10,7,52.6,3,8.0,3,7,4,61,Average
8,5,8,62.5,3,12.0,10,2,1,68,Average
21,5,8,23.8,4,13.0,9,4,0,56,Average
10,6,3,60.0,3,10.0,4,7,3,66,Average
21,13,13,61.9,1,10.0,10,10,4,65,Average
11,9,8,81.8,3,12.0,4,6,0,73,Good
4,2,10,50.0,4,4.0,7,2,4,57,Average
19,16,13,84.2,0,4.0,4,7,1,50,Average
2,0,13,0.0,3,7.0,3,7,1,36,Weak
19,14,10,73.7,2,10.0,4,7,3,65,Average
2,0,11,0.0,0,10.0,4,0,0,14,Weak
6,0,7,0.0,1,2.0,7,7,1,23,Weak
15,13,11,86.7,2,12.0,3,0,0,62,Average
23,11,4,47.8,2,5.0,4,9,1,50,Average
11,7,10,63.6,1,14.0,7,9,4,65,Average
4,3,1,75.0,3,11.0,4,6,1,70,Average
7,5,13,71.4,2,15.0,9,7,0,72,Good
22,5,3,22.7,2,10.0,9,0,1,41,Average
18,3,9,16.7,4,8.0,10,9,0,54,Average
4,0,0,0.0,0,3.0,10,2,3,18,Weak
10,9,2,90.0,2,6.0,4,2,5,65,Average
8,2,14,25.0,0,13.0,9,7,1,40,Weak
6,4,12,66.7,5,6.0,9,10,4,76,Good
21,10,3,47.6,1,0.0,7,5,2,39,Weak
16,2,1,12.5,4,3.0,9,5,0,42,Average
6,2,12,33.3,1,9.0,3,6,4,41,Average
16,1,14,6.2,1,10.0,4,3,1,26,Weak
11,2,2,18.2,3,15.0,10,6,3,59,Average
3,0,9,0.0,4,14.0,10,10,3,57,Average
12,10,4,83.3,1,8.0,3,4,3,57,Average
6,3,11,50.0,1,8.0,7,8,0,49,Average
7,7,6,100.0,5,12.0,4,8,1,85,Good
22,10,1,45.5,1,0.0,3,9,4,40,Weak
18,3,4,16.7,1,9.0,3,7,5,37,Weak
5,3,8,60.0,4,7.0,7,10,0,68,Average
21,20,11,95.2,0,12.0,9,7,2,68,Average
15,8,0,53.3,5,12.0,7,10,5,75,Good
22,0,14,0.0,5,10.0,4,7,1,42,Average
19,6,9,31.6,5,10.0,9,9,2,63,Average
9,9,13,100.0,1,11.0,9,9,5,80,Good
14,7,13,50.0,0,9.0,10,10,5,54,Average
14,14,2,100.0,2,3.0,4,6,3,68,Average
18,9,1,50.0,2,4.0,4,7,4,51,Average
7,0,11,0.0,5,11.0,7,10,3,51,Average
9,8,2,88.9,3,9.0,7,4,1,75,Good
7,6,2,85.7,5,3.0,7,1,5,70,Average
8,6,7,75.0,4,14.0,10,9,0,83,Good
5,5,13,100.0,4,15.0,3,6,0,84,Good
2,0,11,0.0,0,10.0,7,4,3,24,Weak
23,21,7,91.3,0,3.0,7,7,5,59,Average
3,0,2,0.0,0,15.0,4,0,4,23,Weak
22,22,5,100.0,3,3.0,9,5,4,79,Good
2,0,10,0.0,1,6.0,10,2,2,26,Weak
19,11,2,57.9,5,13.0,7,3,2,68,Average
9,7,7,77.8,0,8.0,3,10,2,54,Average
13,1,0,7.7,5,3.0,3,6,1,36,Weak
8,0,4,0.0,4,1.0,7,1,2,31,Weak
13,11,3,84.6,0,5.0,9,4,0,52,Average
12,0,10,0.0,0,10.0,4,2,1,17,Weak
14,9,13,64.3,2,11.0,4,10,5,68,Average
11,11,2,100.0,2,3.0,10,3,4,72,Good
14,9,11,64.3,1,2.0,3,3,0,40,Weak
20,10,9,50.0,3,11.0,3,3,1,56,Average
11,5,14,45.5,0,2.0,3,1,1,25,Weak
10,7,13,70.0,0,1.0,10,8,1,48,Average
5,3,1,60.0,4,7.0,7,6,4,68,Average
10,5,11,50.0,5,9.0,3,4,5,61,Average
4,0,8,0.0,1,3.0,4,4,4,21,Weak
6,4,1,66.7,5,3.0,10,7,2,69,Average
23,17,3,73.9,2,3.0,9,1,0,55,Average
4,3,13,75.0,2,5.0,4,10,0,61,Average
13,1,8,7.7,0,0.0,4,6,4,17,Weak
21,15,5,71.4,2,0.0,3,2,4,50,Average
23,17,4,73.9,2,5.0,9,5,3,64,Average
5,1,12,20.0,3,0.0,3,9,3,41,Average
5,5,4,100.0,0,5.0,4,1,5,55,Average
10,5,2,50.0,1,9.0,4,5,4,48,Average
14,7,8,50.0,2,0.0,9,6,0,47,Average
24,18,14,75.0,0,9.0,9,8,2,58,Average
6,3,2,50.0,0,9.0,9,6,0,44,Average
5,3,3,60.0,3,9.0,4,8,2,65,Average
7,2,7,28.6,5,10.0,4,8,3,56,Average
22,21,2,95.5,3,12.0,4,9,1,82,Good
2,2,9,100.0,0,1.0,3,3,0,47,Average
10,1,3,10.0,5,2.0,9,7,2,44,Average
4,3,1,75.0,3,5.0,7,2,3,65,Average
5,0,3,0.0,4,11.0,7,9,4,51,Average
23,8,13,34.8,1,13.0,10,10,0,53,Average
2,2,14,100.0,3,14.0,3,3,1,79,Good
9,1,7,11.1,0,9.0,10,6,4,33,Weak
23,9,6,39.1,3,6.0,9,9,4,62,Average
15,3,12,20.0,1,6.0,4,0,5,29,Weak
3,2,2,66.7,5,0.0,9,7,4,67,Average
12,6,9,50.0,0,7.0,9,9,5,50,Average
24,14,10,58.3,3,8.0,4,9,3,65,Average
11,11,10,100.0,0,3.0,4,2,5,54,Average
14,7,3,50.0,4,12.0,10,8,2,72,Good
14,11,10,78.6,2,12.0,3,8,5,71,Good
17,1,9,5.9,5,4.0,3,0,2,31,Weak
6,1,13,16.7,3,14.0,9,7,2,57,Average
21,20,2,95.2,2,1.0,10,6,4,71,Good
24,21,9,87.5,0,14.0,7,10,2,68,Average
5,3,12,60.0,3,12.0,3,0,0,57,Average
20,7,4,35.0,2,3.0,7,10,5,51,Average
20,4,11,20.0,0,10.0,4,6,2,30,Weak
19,17,1,89.5,3,4.0,10,3,5,76,Good
10,8,10,80.0,1,12.0,9,4,2,65,Average
12,3,9,25.0,1,2.0,4,8,5,35,Weak
21,12,2,57.1,0,3.0,9,10,3,48,Average
5,3,0,60.0,2,4.0,9,3,4,56,Average
21,10,11,47.6,1,3.0,9,10,4,51,Average
23,22,3,95.7,0,5.0,4,6,1,54,Average
17,2,7,11.8,2,9.0,7,2,4,39,Weak
9,2,0,22.2,1,10.0,3,6,5,39,Weak
14,1,14,7.1,0,8.0,7,8,3,29,Weak
3,2,8,66.7,2,3.0,4,0,5,51,Average
23,15,13,65.2,0,3.0,7,0,5,41,Average
9,9,2,100.0,5,14.0,10,0,3,87,Excellent
3,2,3,66.7,2,4.0,10,6,2,61,Average
20,3,9,15.0,5,1.0,7,0,5,39,Weak
17,8,9,47.1,5,7.0,9,10,1,66,Average
16,1,11,6.2,5,0.0,3,1,3,29,Weak
3,2,13,66.7,3,5.0,7,0,4,61,Average
19,13,12,68.4,2,13.0,9,2,5,68,Average
16,14,2,87.5,4,4.0,9,8,1,77,Good
20,7,4,35.0,0,11.0,10,9,0,44,Average
21,6,13,28.6,5,7.0,7,2,2,49,Average
6,0,8,0.0,1,5.0,10,5,5,31,Weak
6,2,13,33.3,0,10.0,10,8,3,44,Average
23,11,8,47.8,1,9.0,7,8,0,49,Average
14,11,0,78.6,1,5.0,3,1,0,46,Average
12,9,7,75.0,0,3.0,4,9,2,48,Average
8,1,12,12.5,4,14.0,9,9,2,59,Average
16,4,9,25.0,0,2.0,7,8,0,27,Weak
19,10,1,52.6,5,15.0,10,5,2,73,Good
2,1,3,50.0,2,7.0,10,4,2,55,Average
14,0,12,0.0,4,15.0,3,9,1,48,Average
24,21,14,87.5,2,5.0,10,9,1,72,Good
8,6,11,75.0,0,9.0,4,5,3,51,Average
8,4,1,50.0,1,9.0,10,8,5,58,Average
